skip_waiting_on_jobs_debug,True
fake_fitness_debug,True
python_random_number_seed,865
skip_writing_files,False
verify_fuel_mass_after_mutation,False
verify_fuel_mass_after_crossover,False
enforce_material_count_on_creation,True
enforce_material_number,3
minimum_material_elements,5
maximum_material_elements,15
enforce_material_count_before_evaluation,False
enforced_fuel_count_value,0
include_pattern,False
number_of_generations,10
number_of_individuals,20
number_of_parents,5
remake_duplicate_children,True
mutation_rate,0.1
mutation_type,bitwise
material_types,[1, 2, 3, 4]
choose_parent_based_on_bitwise_diversity,False
crossover_type,bitwise
grid_x,150
grid_y,1
total_materials,150
scale_template_file_string,11x11_grid_array_template.inp
mcnp_template_file_string,3d_FNS_template_source.txt
mcnp_keff_exp_template_file_string,3d_FNS_integral_exp_template_keff.txt
mcnp_keff_template_file_string,3d_FNS_template_keff.txt
file_keyword,source_calc
solver,mcnp
solver_location,necluster
geometry,grid
template_keywords,OrderedDict([('mat_1', ''), ('mat_2', ''), ('mat_3', ''), ('mat_4', ''), ('mat_5', ''), ('mat_6', ''), ('mat_7', ''), ('mat_8', ''), ('mat_9', ''), ('mat_10', ''), ('mat_11', ''), ('mat_12', ''), ('mat_13', ''), ('mat_14', ''), ('mat_15', ''), ('mat_16', ''), ('mat_17', ''), ('mat_18', ''), ('mat_19', ''), ('mat_20', ''), ('mat_21', ''), ('mat_22', ''), ('mat_23', ''), ('mat_24', ''), ('mat_25', ''), ('mat_26', ''), ('mat_27', ''), ('mat_28', ''), ('mat_29', ''), ('mat_30', ''), ('mat_31', ''), ('mat_32', ''), ('mat_33', ''), ('mat_34', ''), ('mat_35', ''), ('mat_36', ''), ('mat_37', ''), ('mat_38', ''), ('mat_39', ''), ('mat_40', ''), ('mat_41', ''), ('mat_42', ''), ('mat_43', ''), ('mat_44', ''), ('mat_45', ''), ('mat_46', ''), ('mat_47', ''), ('mat_48', ''), ('mat_49', ''), ('mat_50', ''), ('mat_51', ''), ('mat_52', ''), ('mat_53', ''), ('mat_54', ''), ('mat_55', ''), ('mat_56', ''), ('mat_57', ''), ('mat_58', ''), ('mat_59', ''), ('mat_60', ''), ('mat_61', ''), ('mat_62', ''), ('mat_63', ''), ('mat_64', ''), ('mat_65', ''), ('mat_66', ''), ('mat_67', ''), ('mat_68', ''), ('mat_69', ''), ('mat_70', ''), ('mat_71', ''), ('mat_72', ''), ('mat_73', ''), ('mat_74', ''), ('mat_75', ''), ('mat_76', ''), ('mat_77', ''), ('mat_78', ''), ('mat_79', ''), ('mat_80', ''), ('mat_81', ''), ('mat_82', ''), ('mat_83', ''), ('mat_84', ''), ('mat_85', ''), ('mat_86', ''), ('mat_87', ''), ('mat_88', ''), ('mat_89', ''), ('mat_90', ''), ('mat_91', ''), ('mat_92', ''), ('mat_93', ''), ('mat_94', ''), ('mat_95', ''), ('mat_96', ''), ('mat_97', ''), ('mat_98', ''), ('mat_99', ''), ('mat_100', ''), ('mat_101', ''), ('mat_102', ''), ('mat_103', ''), ('mat_104', ''), ('mat_105', ''), ('mat_106', ''), ('mat_107', ''), ('mat_108', ''), ('mat_109', ''), ('mat_110', ''), ('mat_111', ''), ('mat_112', ''), ('mat_113', ''), ('mat_114', ''), ('mat_115', ''), ('mat_116', ''), ('mat_117', ''), ('mat_118', ''), ('mat_119', ''), ('mat_120', ''), ('mat_121', ''), ('mat_122', ''), ('mat_123', ''), ('mat_124', ''), ('mat_125', ''), ('mat_126', ''), ('mat_127', ''), ('mat_128', ''), ('mat_129', ''), ('mat_130', ''), ('mat_131', ''), ('mat_132', ''), ('mat_133', ''), ('mat_134', ''), ('mat_135', ''), ('mat_136', ''), ('mat_137', ''), ('mat_138', ''), ('mat_139', ''), ('mat_140', ''), ('mat_141', ''), ('mat_142', ''), ('mat_143', ''), ('mat_144', ''), ('mat_145', ''), ('mat_146', ''), ('mat_147', ''), ('mat_148', ''), ('mat_149', ''), ('mat_150', '')])
keywords_list,['mat_1', 'mat_2', 'mat_3', 'mat_4', 'mat_5', 'mat_6', 'mat_7', 'mat_8', 'mat_9', 'mat_10', 'mat_11', 'mat_12', 'mat_13', 'mat_14', 'mat_15', 'mat_16', 'mat_17', 'mat_18', 'mat_19', 'mat_20', 'mat_21', 'mat_22', 'mat_23', 'mat_24', 'mat_25', 'mat_26', 'mat_27', 'mat_28', 'mat_29', 'mat_30', 'mat_31', 'mat_32', 'mat_33', 'mat_34', 'mat_35', 'mat_36', 'mat_37', 'mat_38', 'mat_39', 'mat_40', 'mat_41', 'mat_42', 'mat_43', 'mat_44', 'mat_45', 'mat_46', 'mat_47', 'mat_48', 'mat_49', 'mat_50', 'mat_51', 'mat_52', 'mat_53', 'mat_54', 'mat_55', 'mat_56', 'mat_57', 'mat_58', 'mat_59', 'mat_60', 'mat_61', 'mat_62', 'mat_63', 'mat_64', 'mat_65', 'mat_66', 'mat_67', 'mat_68', 'mat_69', 'mat_70', 'mat_71', 'mat_72', 'mat_73', 'mat_74', 'mat_75', 'mat_76', 'mat_77', 'mat_78', 'mat_79', 'mat_80', 'mat_81', 'mat_82', 'mat_83', 'mat_84', 'mat_85', 'mat_86', 'mat_87', 'mat_88', 'mat_89', 'mat_90', 'mat_91', 'mat_92', 'mat_93', 'mat_94', 'mat_95', 'mat_96', 'mat_97', 'mat_98', 'mat_99', 'mat_100', 'mat_101', 'mat_102', 'mat_103', 'mat_104', 'mat_105', 'mat_106', 'mat_107', 'mat_108', 'mat_109', 'mat_110', 'mat_111', 'mat_112', 'mat_113', 'mat_114', 'mat_115', 'mat_116', 'mat_117', 'mat_118', 'mat_119', 'mat_120', 'mat_121', 'mat_122', 'mat_123', 'mat_124', 'mat_125', 'mat_126', 'mat_127', 'mat_128', 'mat_129', 'mat_130', 'mat_131', 'mat_132', 'mat_133', 'mat_134', 'mat_135', 'mat_136', 'mat_137', 'mat_138', 'mat_139', 'mat_140', 'mat_141', 'mat_142', 'mat_143', 'mat_144', 'mat_145', 'mat_146', 'mat_147', 'mat_148', 'mat_149', 'mat_150']
keywords_template,mat_
write_output_csv,True
output_filename,_output
fitness,['representativity', 'total_flux']
constraint,['keff#preevaluate#threshold#default_sort', 'representativity#postevaluate#linearSimAnneal,gen_5,val_0.95']
enforced_maximum_eigenvalue,0.95
fitness_sort_by,representativity
default_mcnp_mat_count_and_density,OrderedDict([(1, '1'), (2, '2'), (3, '3'), (4, '4')])
output_all_individuals_at_end_of_calculation,True
sort_all_possible_individuals,True
output_all_individuals_at_end_of_calculation_file_name,all_ind_output
output_writeout_values,['generation', 'individual_count', 'input_name', 'keff', 'integral_keff_value', 'representativity', 'total_flux', 'front_rank', 'crowding_distance', 'number_of_fuel', 'write_out_parents#2', 'write_out_average_diversity_score', 'materials#30']
scale_script_template,
    #!/bin/bash
    #PBS -q fill
    #PBS -V
    #PBS -l nodes=1:ppn=8

    module unload mpi
    module load openmpi/1.8.8-gnu
    module load scale/dev
    cat ${PBS_NODEFILE}
    #NP=$(grep -c node ${PBS_NODEFILE})

    cd $PBS_O_WORKDIR

    #echo $NP
    scalerte -m -N 8 -M ${PBS_NODEFILE} -T /home/tmp_scale/$USER/scale.$$ %%%input%%%
    grep -a "final result" %%%input%%%.out > %%%input%%%_done.dat
    
pattern_to_include,[['4', '4', '4', '4', '3', '4', '3', '3', '3', '3', '4', '4', '4', '4', '4', '4', '4', '1', '4', '4', '4', '1', '4', '4', '3', '4', '3', '3', '3', '3', '1', '4', '4', '3', '4', '3', '4', '1', '3', '3', '4', '3', '1', '3', '1', '4', '4', '4', '3', '1', '1', '3', '4', '4', '1', '2', '4', '1', '1', '3', '3', '3', '1', '4', '4', '4', '3', '3', '4', '4', '1', '3', '4', '4', '3', '4', '1', '3', '4', '3', '1', '4', '3', '3', '3', '1', '3', '3', '3', '2', '1', '3', '1', '3', '4', '1', '3', '1', '4', '1', '3', '4', '3', '1', '3', '4', '4', '1', '4', '3', '4', '4', '3', '4', '3', '3', '2', '4', '2', '3', '2', '3', '4', '3', '4', '2', '3', '1', '1', '4', '4', '3', '2', '1', '1', '3', '3', '1', '1', '1', '4', '2', '4', '2', '1', '3', '3', '4', '4', '1'], ['3', '2', '1', '4', '3', '3', '1', '3', '3', '2', '3', '3', '3', '2', '3', '3', '3', '3', '3', '1', '4', '4', '2', '3', '3', '2', '3', '3', '1', '3', '3', '4', '2', '1', '1', '2', '4', '2', '4', '1', '3', '1', '2', '2', '1', '1', '4', '4', '4', '4', '4', '3', '2', '4', '2', '1', '2', '3', '4', '4', '1', '1', '1', '2', '4', '1', '2', '4', '2', '2', '4', '3', '3', '2', '3', '1', '3', '4', '1', '1', '4', '4', '2', '2', '2', '3', '1', '1', '3', '4', '3', '3', '1', '4', '2', '1', '4', '3', '4', '4', '4', '3', '4', '4', '1', '1', '4', '4', '1', '1', '2', '3', '1', '2', '4', '3', '3', '3', '3', '4', '2', '2', '1', '3', '1', '2', '2', '3', '3', '4', '1', '1', '3', '4', '4', '1', '3', '1', '3', '1', '2', '4', '2', '3', '4', '3', '2', '4', '1', '4'], ['3', '4', '4', '3', '3', '4', '3', '3', '3', '3', '4', '4', '4', '4', '4', '4', '3', '4', '3', '4', '4', '4', '4', '4', '3', '1', '4', '3', '3', '3', '3', '4', '3', '4', '1', '3', '1', '4', '3', '3', '4', '4', '3', '1', '1', '4', '4', '3', '1', '4', '4', '3', '4', '4', '3', '4', '4', '3', '1', '3', '3', '3', '1', '4', '3', '4', '3', '3', '3', '4', '3', '4', '3', '4', '3', '3', '1', '3', '1', '4', '3', '4', '2', '4', '3', '4', '3', '3', '3', '3', '4', '1', '1', '1', '4', '1', '3', '1', '4', '4', '3', '3', '4', '1', '1', '4', '4', '1', '3', '4', '4', '2', '2', '2', '3', '1', '4', '4', '2', '3', '2', '2', '4', '3', '3', '2', '3', '1', '4', '1', '4', '4', '1', '2', '1', '2', '3', '1', '3', '2', '2', '2', '4', '2', '1', '3', '3', '4', '3', '1'], ['4', '3', '4', '4', '3', '1', '3', '3', '3', '3', '3', '4', '1', '4', '4', '4', '3', '1', '4', '4', '4', '1', '4', '4', '3', '4', '3', '3', '3', '3', '3', '3', '4', '3', '4', '3', '1', '4', '3', '3', '4', '4', '3', '4', '1', '4', '4', '3', '3', '1', '1', '1', '4', '4', '1', '2', '3', '4', '1', '2', '2', '4', '1', '2', '3', '4', '3', '3', '2', '3', '1', '3', '3', '3', '3', '3', '1', '3', '1', '4', '3', '4', '3', '3', '1', '1', '3', '3', '3', '3', '1', '1', '1', '3', '4', '1', '4', '3', '3', '1', '3', '4', '3', '3', '3', '4', '4', '1', '1', '2', '4', '2', '3', '1', '3', '3', '2', '4', '2', '3', '2', '3', '4', '3', '3', '2', '4', '3', '4', '3', '4', '1', '1', '1', '1', '2', '2', '3', '3', '1', '4', '3', '1', '2', '1', '3', '3', '4', '4', '1'], ['1', '3', '3', '4', '1', '3', '3', '3', '3', '1', '3', '3', '3', '3', '3', '3', '1', '3', '3', '3', '4', '3', '2', '3', '3', '2', '3', '1', '1', '3', '3', '1', '4', '3', '4', '4', '4', '2', '3', '1', '2', '2', '2', '3', '1', '4', '4', '4', '3', '4', '4', '1', '2', '1', '2', '4', '2', '3', '2', '2', '2', '1', '1', '4', '3', '2', '2', '3', '2', '1', '3', '2', '3', '1', '3', '1', '4', '4', '1', '1', '3', '3', '2', '2', '1', '3', '1', '3', '3', '4', '2', '3', '1', '1', '4', '3', '4', '2', '4', '4', '1', '4', '4', '4', '3', '4', '3', '4', '1', '3', '1', '3', '4', '3', '3', '3', '3', '3', '4', '2', '2', '1', '1', '1', '3', '1', '4', '3', '3', '4', '4', '3', '3', '4', '4', '1', '3', '3', '3', '3', '2', '4', '4', '4', '1', '3', '1', '3', '1', '2'], ['3', '3', '1', '4', '3', '3', '1', '3', '4', '2', '3', '4', '3', '1', '3', '3', '3', '3', '3', '4', '3', '4', '2', '3', '3', '1', '3', '4', '1', '2', '3', '2', '1', '3', '3', '4', '2', '2', '4', '2', '3', '4', '2', '2', '4', '1', '4', '3', '3', '4', '2', '1', '2', '4', '3', '4', '2', '1', '3', '4', '1', '1', '4', '2', '3', '2', '2', '4', '4', '2', '4', '4', '4', '1', '2', '1', '1', '3', '1', '4', '3', '4', '2', '2', '2', '4', '1', '3', '2', '4', '3', '3', '3', '4', '4', '1', '4', '3', '4', '4', '1', '1', '4', '4', '1', '3', '4', '4', '3', '3', '1', '3', '3', '2', '3', '3', '3', '3', '3', '2', '2', '4', '4', '3', '2', '3', '2', '3', '4', '4', '1', '1', '3', '4', '4', '1', '2', '1', '3', '1', '4', '1', '4', '2', '4', '3', '1', '4', '2', '1'], ['1', '3', '3', '4', '4', '3', '4', '3', '4', '1', '4', '3', '3', '4', '3', '3', '4', '3', '4', '4', '4', '4', '3', '3', '3', '1', '3', '4', '3', '3', '3', '4', '4', '3', '3', '4', '4', '4', '3', '3', '1', '4', '2', '4', '3', '3', '4', '3', '3', '4', '4', '1', '3', '3', '3', '1', '1', '1', '2', '3', '2', '1', '1', '1', '3', '2', '2', '3', '4', '4', '4', '4', '2', '2', '3', '1', '4', '3', '2', '4', '3', '2', '3', '4', '3', '4', '3', '3', '3', '2', '2', '3', '1', '1', '2', '3', '1', '2', '1', '4', '1', '3', '4', '3', '4', '1', '3', '4', '1', '4', '1', '3', '3', '3', '3', '3', '4', '4', '4', '4', '2', '2', '3', '1', '3', '2', '4', '2', '1', '3', '3', '1', '1', '2', '1', '1', '3', '3', '3', '1', '4', '1', '1', '4', '4', '3', '2', '3', '2', '2'], ['4', '3', '1', '4', '4', '4', '4', '3', '3', '1', '4', '3', '3', '4', '4', '3', '4', '3', '4', '4', '4', '4', '3', '4', '3', '4', '4', '3', '3', '3', '3', '3', '3', '3', '3', '4', '4', '4', '3', '3', '4', '4', '3', '3', '3', '3', '4', '3', '3', '4', '4', '3', '3', '3', '1', '1', '1', '1', '1', '3', '2', '1', '1', '4', '3', '2', '2', '2', '4', '3', '3', '4', '1', '2', '3', '1', '4', '3', '2', '4', '3', '2', '2', '4', '3', '4', '1', '3', '3', '2', '2', '1', '3', '1', '3', '1', '1', '1', '1', '1', '1', '3', '4', '3', '3', '1', '4', '3', '1', '4', '4', '3', '3', '4', '3', '3', '2', '4', '2', '1', '3', '2', '3', '3', '3', '1', '2', '3', '1', '3', '4', '4', '1', '2', '1', '3', '3', '3', '3', '1', '2', '1', '1', '3', '1', '3', '2', '4', '4', '1'], ['1', '3', '3', '4', '1', '4', '1', '3', '3', '4', '3', '4', '1', '3', '3', '3', '1', '3', '3', '4', '4', '3', '4', '3', '3', '3', '3', '4', '3', '3', '3', '1', '2', '3', '4', '4', '4', '2', '3', '1', '2', '2', '2', '3', '2', '4', '4', '3', '3', '4', '4', '3', '2', '2', '3', '1', '1', '4', '2', '2', '2', '4', '1', '4', '3', '2', '2', '3', '4', '2', '2', '1', '4', '1', '3', '1', '4', '1', '1', '1', '3', '3', '3', '3', '1', '3', '4', '3', '3', '4', '2', '3', '3', '2', '4', '3', '3', '3', '4', '4', '1', '2', '3', '4', '1', '4', '3', '4', '1', '3', '1', '3', '3', '1', '3', '3', '3', '4', '3', '2', '2', '3', '1', '1', '2', '2', '4', '3', '3', '4', '1', '1', '3', '4', '4', '1', '3', '3', '3', '3', '1', '2', '2', '4', '1', '3', '1', '3', '2', '1'], ['1', '3', '4', '4', '3', '3', '4', '3', '4', '3', '4', '4', '3', '4', '3', '4', '2', '3', '4', '4', '4', '1', '1', '4', '3', '4', '3', '3', '3', '3', '3', '3', '4', '3', '3', '4', '3', '1', '3', '2', '1', '2', '3', '4', '3', '4', '4', '3', '3', '1', '4', '1', '3', '2', '1', '3', '4', '2', '4', '3', '2', '1', '1', '1', '3', '2', '2', '4', '4', '3', '4', '3', '3', '2', '4', '1', '1', '3', '2', '4', '3', '1', '2', '4', '2', '4', '4', '3', '3', '3', '3', '3', '1', '3', '4', '3', '3', '3', '1', '4', '4', '3', '3', '3', '3', '4', '3', '3', '3', '1', '2', '3', '3', '1', '3', '3', '4', '3', '3', '4', '2', '2', '4', '1', '3', '1', '4', '3', '4', '1', '4', '1', '1', '2', '1', '2', '2', '4', '3', '1', '4', '3', '4', '2', '1', '3', '3', '3', '2', '2'], ['1', '4', '4', '3', '3', '4', '1', '3', '3', '3', '4', '3', '1', '4', '4', '4', '4', '4', '4', '4', '4', '1', '3', '4', '3', '4', '4', '3', '3', '3', '1', '4', '3', '4', '3', '3', '3', '1', '3', '1', '4', '1', '3', '3', '1', '4', '4', '4', '3', '1', '4', '3', '2', '3', '1', '3', '4', '1', '1', '4', '3', '3', '1', '4', '3', '4', '4', '3', '4', '4', '4', '3', '4', '4', '4', '3', '1', '3', '1', '3', '3', '4', '3', '3', '2', '4', '2', '2', '3', '3', '1', '3', '1', '3', '3', '1', '3', '1', '3', '1', '1', '3', '3', '3', '4', '1', '2', '4', '2', '3', '4', '2', '3', '4', '3', '3', '2', '4', '2', '1', '3', '4', '4', '3', '3', '2', '3', '3', '1', '1', '4', '4', '1', '1', '1', '2', '3', '3', '3', '1', '3', '2', '2', '4', '3', '4', '1', '4', '4', '1'], ['4', '3', '4', '4', '3', '1', '3', '3', '3', '3', '4', '4', '3', '4', '4', '4', '4', '3', '4', '4', '4', '1', '4', '4', '3', '4', '3', '3', '3', '3', '1', '3', '4', '3', '4', '1', '1', '1', '1', '3', '4', '4', '3', '4', '3', '1', '4', '4', '3', '1', '1', '1', '3', '4', '3', '2', '4', '2', '1', '4', '2', '1', '1', '4', '3', '2', '3', '4', '4', '3', '1', '3', '3', '4', '4', '1', '1', '3', '1', '4', '3', '1', '3', '3', '3', '1', '2', '1', '3', '3', '3', '3', '1', '3', '4', '4', '3', '3', '1', '1', '4', '3', '3', '2', '3', '4', '4', '3', '1', '3', '4', '2', '3', '1', '3', '3', '2', '3', '2', '4', '2', '3', '4', '1', '3', '2', '4', '3', '4', '1', '1', '1', '1', '2', '1', '2', '2', '3', '3', '1', '4', '2', '1', '3', '1', '3', '3', '4', '2', '1'], ['4', '3', '1', '3', '4', '1', '4', '3', '3', '3', '4', '4', '1', '4', '3', '3', '4', '3', '4', '4', '4', '4', '4', '1', '3', '4', '3', '3', '3', '3', '1', '4', '4', '3', '3', '4', '1', '3', '3', '3', '4', '4', '1', '3', '3', '1', '4', '3', '3', '1', '4', '3', '3', '4', '1', '2', '1', '2', '1', '4', '1', '1', '1', '4', '1', '4', '3', '3', '4', '3', '3', '4', '2', '3', '3', '3', '4', '3', '2', '4', '1', '2', '3', '3', '3', '4', '1', '3', '3', '2', '3', '4', '2', '3', '1', '3', '3', '3', '3', '4', '4', '3', '3', '3', '3', '2', '4', '3', '3', '3', '4', '3', '3', '1', '3', '3', '3', '3', '2', '1', '4', '3', '4', '3', '3', '2', '3', '3', '4', '3', '4', '4', '2', '3', '1', '1', '2', '4', '4', '1', '2', '1', '1', '3', '3', '1', '2', '4', '3', '1'], ['4', '3', '1', '3', '3', '3', '1', '2', '3', '3', '4', '3', '4', '4', '3', '4', '4', '3', '4', '3', '4', '1', '3', '3', '3', '1', '3', '1', '3', '1', '1', '3', '1', '1', '3', '3', '1', '4', '3', '3', '1', '4', '3', '3', '1', '1', '3', '3', '3', '1', '1', '1', '3', '3', '3', '2', '3', '2', '3', '2', '3', '4', '1', '4', '3', '3', '4', '3', '4', '4', '3', '4', '2', '3', '3', '1', '4', '3', '2', '4', '3', '1', '3', '3', '3', '4', '3', '3', '3', '3', '2', '3', '1', '3', '2', '3', '1', '2', '1', '3', '1', '3', '1', '3', '3', '3', '3', '3', '1', '3', '4', '3', '3', '3', '3', '3', '4', '4', '3', '2', '2', '2', '4', '3', '4', '3', '4', '3', '3', '1', '1', '2', '4', '3', '1', '1', '3', '3', '3', '1', '4', '2', '2', '2', '4', '3', '2', '4', '2', '1'], ['1', '3', '3', '4', '4', '3', '4', '4', '4', '1', '2', '3', '3', '4', '3', '3', '2', '3', '4', '3', '2', '4', '2', '3', '3', '1', '3', '4', '3', '3', '3', '3', '4', '3', '3', '4', '3', '4', '3', '2', '1', '4', '4', '4', '3', '3', '4', '3', '3', '4', '4', '1', '3', '2', '3', '1', '1', '2', '4', '3', '2', '1', '1', '1', '3', '2', '2', '3', '4', '4', '4', '4', '4', '2', '3', '1', '1', '3', '2', '4', '2', '1', '2', '4', '3', '4', '1', '3', '3', '2', '4', '3', '1', '1', '2', '3', '2', '2', '1', '4', '1', '1', '4', '3', '3', '4', '3', '4', '3', '3', '2', '3', '1', '3', '3', '3', '4', '4', '3', '4', '2', '2', '4', '1', '3', '1', '4', '2', '4', '3', '4', '1', '1', '2', '1', '1', '2', '4', '4', '2', '4', '1', '4', '2', '2', '1', '2', '3', '2', '2'], ['1', '3', '1', '4', '4', '3', '1', '3', '3', '1', '4', '3', '3', '3', '3', '1', '4', '4', '4', '4', '3', '4', '3', '4', '3', '4', '3', '4', '3', '3', '3', '4', '4', '3', '3', '4', '4', '4', '3', '3', '1', '4', '4', '3', '3', '4', '3', '3', '3', '4', '4', '3', '3', '2', '3', '1', '1', '2', '2', '3', '2', '1', '2', '3', '3', '2', '4', '3', '4', '4', '3', '4', '3', '2', '3', '1', '4', '1', '1', '3', '3', '1', '3', '3', '3', '4', '3', '2', '1', '2', '2', '3', '1', '3', '4', '2', '3', '4', '1', '4', '1', '3', '3', '3', '2', '4', '3', '4', '1', '3', '1', '4', '3', '3', '4', '3', '3', '4', '2', '4', '2', '3', '3', '1', '1', '2', '3', '3', '2', '1', '1', '3', '1', '2', '2', '4', '3', '3', '3', '1', '2', '1', '4', '4', '4', '4', '2', '4', '2', '1'], ['4', '3', '1', '3', '4', '3', '4', '3', '3', '3', '4', '3', '1', '4', '3', '3', '4', '3', '4', '4', '4', '3', '4', '1', '3', '4', '3', '3', '3', '1', '3', '4', '3', '3', '3', '4', '1', '3', '3', '3', '1', '3', '4', '3', '3', '1', '3', '4', '3', '4', '2', '3', '4', '2', '1', '2', '1', '1', '2', '4', '3', '4', '1', '4', '3', '4', '4', '3', '4', '3', '3', '4', '4', '3', '3', '3', '3', '3', '2', '1', '1', '1', '3', '3', '3', '4', '3', '3', '3', '2', '4', '4', '2', '2', '3', '3', '3', '2', '3', '4', '3', '4', '2', '3', '4', '2', '4', '3', '1', '3', '4', '3', '3', '1', '3', '3', '2', '4', '3', '1', '3', '3', '4', '3', '4', '2', '3', '4', '4', '1', '4', '3', '2', '3', '1', '1', '3', '3', '4', '1', '2', '1', '3', '2', '4', '1', '2', '3', '2', '1'], ['3', '3', '4', '4', '3', '3', '1', '3', '4', '1', '1', '3', '3', '4', '3', '3', '3', '3', '4', '3', '4', '4', '2', '3', '3', '2', '3', '4', '3', '3', '3', '4', '4', '3', '3', '4', '3', '4', '3', '2', '3', '3', '2', '4', '1', '1', '4', '4', '4', '4', '4', '1', '3', '4', '2', '4', '2', '3', '4', '4', '2', '1', '1', '2', '3', '2', '2', '3', '2', '2', '4', '4', '3', '2', '3', '1', '3', '4', '1', '4', '2', '4', '2', '2', '2', '3', '1', '3', '3', '4', '4', '3', '1', '1', '2', '3', '4', '2', '1', '4', '1', '1', '4', '3', '3', '1', '3', '4', '3', '3', '3', '3', '4', '3', '4', '3', '3', '3', '1', '4', '2', '2', '1', '1', '3', '1', '4', '3', '3', '3', '4', '3', '3', '4', '4', '1', '2', '1', '3', '1', '2', '4', '2', '2', '2', '1', '2', '3', '1', '2'], ['3', '3', '3', '3', '3', '4', '1', '3', '4', '4', '3', '4', '3', '4', '3', '3', '3', '3', '3', '4', '3', '3', '1', '3', '3', '1', '3', '4', '3', '3', '3', '1', '2', '3', '3', '4', '2', '2', '3', '2', '2', '4', '1', '3', '4', '3', '4', '3', '3', '4', '4', '1', '2', '2', '3', '1', '1', '4', '4', '3', '2', '1', '1', '1', '3', '2', '2', '3', '4', '2', '4', '4', '4', '1', '2', '1', '1', '3', '1', '4', '3', '3', '2', '2', '3', '4', '4', '3', '3', '4', '1', '3', '3', '1', '4', '3', '1', '2', '4', '4', '1', '1', '4', '4', '3', '4', '3', '4', '3', '3', '2', '3', '3', '3', '3', '3', '4', '4', '3', '2', '2', '2', '4', '1', '2', '3', '2', '3', '4', '3', '4', '1', '1', '4', '1', '1', '2', '4', '4', '3', '4', '2', '4', '2', '2', '3', '1', '4', '2', '1'], ['3', '4', '4', '4', '3', '4', '3', '3', '3', '3', '3', '4', '4', '4', '4', '4', '4', '1', '4', '4', '4', '1', '4', '4', '3', '4', '4', '1', '3', '3', '3', '4', '4', '3', '4', '3', '1', '1', '3', '3', '3', '4', '3', '3', '1', '4', '4', '3', '3', '1', '1', '3', '4', '4', '1', '2', '4', '4', '1', '4', '3', '1', '1', '4', '3', '4', '3', '3', '4', '3', '1', '3', '3', '4', '3', '3', '1', '3', '4', '4', '3', '4', '3', '3', '4', '1', '3', '3', '3', '2', '1', '1', '1', '3', '4', '1', '4', '3', '3', '4', '3', '4', '3', '1', '3', '4', '4', '1', '4', '4', '4', '3', '3', '4', '3', '3', '2', '4', '2', '3', '2', '3', '4', '3', '3', '2', '3', '1', '4', '1', '4', '3', '1', '1', '1', '2', '3', '3', '1', '1', '4', '2', '4', '2', '1', '3', '3', '4', '4', '1']]
read_parents_from_file,False
fuel_index,3
fuel_index_multiplier,1.27
use_non_dominated_sorting,True
use_crowding_distance,True
11,0,source_calc_gen_0_ind_0.inp,0.5436825635949364,N/A,0.0,0.0,3,1e+17,39,random_initialized,N/A,,N/A,2,4,2,2,3,1,3,4,1,2,1,4,2,1,4,4,2,2,2,2,2,2,1,1,2,2,1,2,2,4,1,4,4,1,2,3,2,4,4,4,2,4,1,4,1,1,2,1,4,4,4,3,2,1,4,2,4,2,2,1,2,4,2,2,4,2,4,2,4,4,2,3,4,2,1,4,2,2,2,2,2,1,1,4,1,1,2,2,2,4,3,2,2,4,1,2,1,2,1,4,2,4,1,1,2,2,2,4,4,2,4,1,2,3,3,4,1,4,4,2,1,1,4,1,4,2,4,1,1,4,3,2,2,1,4,4,4,1,1,1,2,2,3,4,1,2,1,3,1,2,
11,1,source_calc_gen_0_ind_1.inp,0.7127286742890677,N/A,0.0,0.0,3,0.0,46,random_initialized,N/A,,N/A,4,4,2,4,4,4,2,1,4,2,2,2,4,1,2,2,3,3,1,2,2,1,2,1,1,2,1,3,1,2,2,1,3,4,1,2,1,4,3,2,1,1,1,2,4,2,2,1,2,2,4,4,1,2,3,1,1,4,4,4,1,1,4,4,4,1,4,2,2,4,1,4,2,4,2,4,1,4,2,4,1,4,2,4,4,2,1,2,4,1,3,2,1,4,4,1,1,2,4,1,1,2,4,1,4,4,2,2,1,2,1,4,2,4,4,4,4,2,4,2,1,1,2,2,1,3,4,1,4,1,2,1,2,1,4,2,2,2,1,4,1,4,2,4,1,2,2,1,1,2,
11,2,source_calc_gen_0_ind_2.inp,0.8237011111078792,N/A,0.0,0.0,3,0.0,61,random_initialized,N/A,,N/A,1,2,1,1,4,2,1,4,4,4,4,3,1,1,1,1,4,4,4,1,1,4,1,2,4,1,4,1,1,4,2,1,1,2,2,1,1,1,1,4,1,2,2,1,2,1,2,1,1,2,4,1,4,2,1,4,4,1,1,4,4,1,4,3,3,2,1,2,4,4,1,4,2,2,1,1,4,2,4,1,4,2,2,1,1,4,3,4,2,4,1,1,1,2,1,2,1,4,2,4,2,4,1,1,1,1,1,1,4,1,3,1,4,4,4,2,4,2,4,1,2,4,3,1,4,4,2,4,2,2,2,1,1,4,1,1,4,1,4,4,4,2,3,4,1,1,4,1,1,4,
11,3,source_calc_gen_0_ind_3.inp,0.20799514474987346,N/A,0.0,0.0,3,0.0,43,random_initialized,N/A,,N/A,4,4,4,3,4,3,1,2,2,1,3,2,4,4,4,1,2,1,1,1,1,2,4,3,2,1,1,3,4,4,1,2,4,1,4,4,1,2,4,3,2,2,1,2,4,4,2,1,2,1,2,1,2,3,2,2,1,4,1,4,2,1,1,3,2,2,4,2,2,4,1,1,2,1,2,4,3,1,2,4,2,3,1,1,1,2,4,4,1,1,2,2,2,4,4,2,3,1,1,1,4,4,4,4,3,1,2,4,2,4,2,4,4,2,2,2,3,3,1,2,4,2,1,2,4,1,1,4,2,4,2,4,4,1,2,4,4,2,1,2,4,1,1,1,4,1,4,2,2,4,
11,4,source_calc_gen_0_ind_4.inp,0.7290196880760977,N/A,0.0,0.0,3,0.0,55,random_initialized,N/A,,N/A,4,2,3,4,4,2,4,2,3,1,4,2,2,1,1,1,4,1,1,4,2,2,4,1,2,1,1,2,1,3,3,2,4,1,1,1,2,2,1,1,2,1,4,2,1,4,3,2,1,1,4,1,3,1,2,2,4,2,2,2,2,1,2,4,2,3,4,1,2,2,3,4,1,1,4,4,4,2,1,1,1,1,1,1,2,1,3,4,4,1,4,4,1,2,3,1,1,1,2,2,3,1,4,1,4,4,4,4,2,2,2,4,1,4,4,2,3,2,1,2,4,4,2,4,1,3,1,1,2,1,1,1,1,1,2,4,2,4,4,1,4,2,1,1,1,1,2,3,1,2,
11,5,source_calc_gen_0_ind_5.inp,0.5378961240813986,N/A,0.0,0.0,3,0.0,50,random_initialized,N/A,,N/A,4,4,2,1,4,1,1,3,2,1,1,4,3,1,2,1,2,1,4,1,4,2,4,4,2,2,1,4,3,4,3,1,4,4,1,1,4,4,4,1,4,4,1,2,2,4,1,4,1,4,2,4,2,2,4,2,2,2,2,2,2,1,1,4,4,2,1,1,3,4,2,1,2,1,2,1,2,4,1,1,2,2,1,1,2,1,4,1,2,2,4,4,3,4,4,1,1,1,4,2,2,2,2,1,2,1,1,4,1,2,2,2,4,4,1,1,2,4,1,1,2,4,4,4,2,1,4,4,3,1,1,1,1,4,4,4,2,2,4,4,1,4,2,1,4,2,1,4,2,1,
11,6,source_calc_gen_0_ind_6.inp,0.3015278759192717,N/A,0.0,0.0,3,0.0,47,random_initialized,N/A,,N/A,2,4,2,2,4,2,1,2,1,1,2,3,1,3,4,4,4,2,1,1,2,4,2,4,1,4,2,2,1,2,2,2,4,1,4,1,1,2,3,1,1,2,1,1,2,1,4,1,2,4,1,1,4,4,1,2,4,4,2,2,4,2,2,2,3,4,1,1,4,2,1,1,4,2,4,1,1,2,1,1,2,2,2,2,2,1,1,4,1,1,4,1,4,3,4,4,4,2,1,2,2,4,2,1,4,3,2,4,4,1,1,4,4,2,2,2,3,1,4,2,2,2,4,2,4,1,1,3,1,2,1,4,2,2,4,2,4,1,4,1,4,1,2,2,4,4,4,4,1,1,
11,7,source_calc_gen_0_ind_7.inp,0.26407095690974236,N/A,0.0,0.0,3,0.0,45,random_initialized,N/A,,N/A,4,4,4,2,4,1,4,1,1,2,2,2,3,4,2,2,4,4,1,4,2,2,1,2,4,4,2,1,4,4,1,1,3,2,1,4,2,1,2,4,4,2,2,4,4,1,2,2,4,2,1,4,1,3,2,2,4,1,4,2,4,2,2,4,1,4,4,3,4,4,1,1,2,4,2,1,4,2,2,4,1,2,1,2,3,2,1,4,2,1,4,2,2,4,4,1,2,1,1,2,4,2,3,2,4,4,1,2,2,4,2,1,1,1,1,4,4,1,1,1,1,1,1,1,4,3,1,2,2,4,1,2,1,1,4,4,2,2,2,4,2,4,1,1,4,2,1,2,4,1,
11,8,source_calc_gen_0_ind_8.inp,0.9966666173262975,N/A,0.0,0.0,3,0.0,50,random_initialized,N/A,,N/A,4,4,2,1,1,1,4,4,2,2,4,4,4,4,1,4,4,4,3,4,1,4,1,4,3,2,1,4,2,4,4,2,3,1,1,2,1,4,4,1,1,4,4,2,2,1,4,3,4,4,1,2,2,4,2,1,2,1,1,1,1,2,4,2,4,4,4,2,1,1,4,4,2,2,2,2,3,4,4,1,3,4,4,1,1,3,4,1,3,3,1,1,2,1,4,4,2,2,2,2,2,2,2,1,1,4,2,1,1,2,2,1,3,4,2,1,1,2,1,1,3,1,1,2,4,2,4,2,4,1,4,2,4,1,2,1,2,4,1,4,1,1,1,1,2,4,1,4,1,1,
11,9,source_calc_gen_0_ind_9.inp,0.4453715046650978,N/A,0.0,0.0,3,0.0,44,random_initialized,N/A,,N/A,4,1,4,1,2,4,3,4,1,3,2,2,1,1,2,2,1,1,4,2,1,1,3,1,2,1,2,3,4,3,1,4,4,1,4,2,2,4,4,1,4,2,3,2,4,1,2,1,1,4,4,1,1,3,4,1,2,3,1,1,4,4,2,1,3,4,4,4,2,4,2,1,3,4,1,1,2,4,2,2,1,1,1,1,1,4,1,2,2,2,4,4,1,4,2,1,2,4,1,2,2,1,4,1,1,2,2,4,4,1,4,4,2,2,2,4,2,4,4,4,4,4,3,4,2,1,2,4,3,4,1,4,4,4,4,2,2,2,2,2,2,1,2,2,2,2,2,1,4,1,
11,10,source_calc_gen_0_ind_10.inp,0.39303440616939245,N/A,0.0,0.0,3,0.0,36,random_initialized,N/A,,N/A,2,2,1,1,1,4,4,1,2,1,2,1,2,4,2,4,2,1,1,2,2,1,2,4,2,4,2,2,2,2,4,4,2,2,2,1,2,4,4,1,3,4,2,2,4,1,4,2,2,4,4,4,2,2,1,4,3,4,4,2,2,1,4,2,4,1,4,2,2,2,4,4,2,4,1,2,1,4,4,2,4,4,2,1,4,4,2,1,2,4,1,4,2,2,4,3,4,1,4,1,1,4,2,4,3,2,4,2,2,2,2,4,4,2,4,2,1,2,1,1,2,1,4,2,1,1,4,3,4,4,4,4,1,1,3,2,1,1,4,1,4,4,2,2,2,1,4,4,1,4,
11,11,source_calc_gen_0_ind_11.inp,0.6912064451099483,N/A,0.0,0.0,3,0.0,42,random_initialized,N/A,,N/A,4,2,2,3,4,4,2,2,4,2,2,1,1,1,1,1,1,4,3,4,4,4,2,2,4,4,4,1,3,2,2,4,1,3,2,4,4,4,1,1,4,1,3,2,2,4,4,2,4,4,4,2,4,1,2,2,4,1,3,4,2,1,1,1,2,1,1,2,1,1,4,2,1,4,3,2,3,3,2,2,4,2,2,2,1,3,1,3,1,2,2,4,1,1,1,1,4,4,4,2,4,4,1,1,2,1,3,1,3,2,2,3,4,2,2,1,2,2,1,2,1,1,2,2,2,3,4,2,4,4,4,1,4,4,4,1,1,4,1,4,4,2,4,2,2,4,2,1,1,4,
11,12,source_calc_gen_0_ind_12.inp,0.9203087340553677,N/A,0.0,0.0,3,0.0,51,random_initialized,N/A,,N/A,1,4,1,4,4,1,2,2,4,4,2,4,2,2,2,1,3,1,2,2,2,4,2,2,2,2,1,2,1,2,4,4,2,1,1,1,1,4,2,1,2,4,4,4,2,4,2,1,2,3,1,1,4,1,1,4,2,2,4,4,4,4,3,1,2,2,1,3,4,1,2,1,1,3,4,4,4,2,4,1,1,2,4,1,1,4,1,1,2,2,1,2,1,1,1,1,1,2,2,2,2,2,4,4,4,4,3,1,2,2,1,4,1,1,2,4,3,1,2,1,4,3,1,1,4,2,4,4,4,2,4,2,2,1,2,1,1,1,1,2,2,1,1,3,2,2,1,4,4,1,
11,13,source_calc_gen_0_ind_13.inp,0.8855188033190018,N/A,0.0,0.0,3,0.0,42,random_initialized,N/A,,N/A,3,4,4,3,4,1,2,1,1,4,2,2,4,1,2,4,1,1,4,1,2,2,4,3,1,2,2,1,2,1,4,2,1,2,1,3,3,4,2,2,2,4,2,2,4,4,1,3,4,2,2,2,1,2,4,2,1,2,2,2,2,4,4,1,1,1,1,2,2,2,4,4,2,4,1,2,4,1,1,2,2,1,3,4,1,1,2,4,1,1,2,4,4,2,1,2,2,2,1,4,4,2,2,2,1,1,2,4,4,2,1,4,2,2,2,4,4,4,1,1,2,2,3,4,2,1,4,2,2,1,4,1,4,1,1,3,2,2,1,4,1,4,4,4,2,1,2,2,4,4,
11,14,source_calc_gen_0_ind_14.inp,0.33373383147983554,N/A,0.0,0.0,3,0.0,45,random_initialized,N/A,,N/A,1,2,3,1,4,1,4,4,4,2,1,4,2,2,4,3,2,4,1,2,2,4,2,3,2,4,1,2,4,4,3,1,1,1,2,2,2,3,4,1,4,2,1,2,1,1,2,4,4,1,1,4,1,2,1,2,1,1,4,2,1,3,4,1,3,1,1,1,2,2,2,2,1,3,2,4,2,1,2,2,4,4,4,4,3,2,4,3,1,2,2,4,4,1,4,3,1,4,2,4,4,1,2,2,4,2,2,3,3,2,1,1,2,4,2,2,1,1,4,2,1,4,2,1,4,2,4,1,2,1,1,3,2,2,3,2,4,2,4,4,1,1,4,1,4,1,1,2,1,2,
11,15,source_calc_gen_0_ind_15.inp,0.9251356809919354,N/A,0.0,0.0,3,0.0,51,random_initialized,N/A,,N/A,4,1,2,2,2,2,1,2,4,4,4,1,2,2,4,3,2,1,4,2,1,1,4,1,2,1,1,1,3,1,4,2,4,1,4,4,2,1,1,4,3,1,1,2,2,2,2,4,1,2,4,2,2,2,4,1,2,4,2,2,4,1,1,1,1,2,4,2,4,2,1,4,2,2,4,4,1,2,2,2,2,2,4,2,1,4,2,4,4,1,4,4,1,1,4,1,1,4,3,4,4,2,2,4,4,4,1,4,3,4,1,1,1,1,2,1,1,4,1,4,1,1,4,1,2,1,1,4,4,2,4,4,2,1,4,2,2,4,1,2,1,1,1,2,4,2,1,1,1,4,
11,16,source_calc_gen_0_ind_16.inp,0.6291656254892641,N/A,0.0,0.0,3,0.0,41,random_initialized,N/A,,N/A,4,2,4,1,4,2,1,1,2,4,4,3,4,1,1,2,2,4,1,2,1,1,2,2,1,1,1,1,1,4,4,3,2,4,4,4,1,1,2,4,1,1,2,2,4,1,1,1,4,1,4,1,1,4,2,2,2,1,2,2,1,2,2,2,2,4,4,4,4,4,2,4,2,3,3,2,2,2,2,1,1,2,2,3,4,2,4,2,2,2,4,1,2,4,2,2,2,2,4,1,2,2,2,2,3,4,1,4,1,2,2,2,1,1,2,1,1,1,2,4,2,4,1,2,2,2,1,4,2,2,4,4,2,1,4,4,2,4,2,2,2,4,3,3,2,2,1,1,2,3,
11,17,source_calc_gen_0_ind_17.inp,0.41897742166094654,N/A,0.0,0.0,3,0.0,52,random_initialized,N/A,,N/A,4,1,2,2,1,4,4,2,4,2,1,1,1,2,4,4,3,4,4,1,2,4,4,1,1,2,1,2,2,2,1,1,4,1,1,2,2,1,2,4,2,3,4,1,4,2,2,4,1,1,1,1,1,1,1,2,4,4,4,2,2,2,1,4,1,4,4,2,2,1,2,2,4,1,1,1,2,4,2,4,1,2,2,2,1,3,2,1,4,2,1,2,2,2,2,2,2,1,2,1,2,1,2,1,2,1,1,2,4,4,2,4,3,4,1,1,4,4,4,1,2,4,1,4,2,4,1,4,4,2,1,1,1,1,2,4,4,1,1,4,1,3,4,4,2,2,1,4,4,1,
11,18,source_calc_gen_0_ind_18.inp,0.6642618968515958,N/A,0.0,0.0,3,0.0,50,random_initialized,N/A,,N/A,1,2,1,2,4,4,2,4,2,1,4,2,2,1,4,4,3,2,1,4,1,2,1,1,2,1,2,3,2,2,4,3,2,1,1,1,2,3,2,2,2,1,1,2,1,1,2,2,1,4,2,2,2,2,2,2,4,2,4,1,2,2,2,3,2,1,4,1,1,2,1,4,1,4,2,1,4,1,4,4,4,2,1,1,1,4,1,4,2,1,1,4,1,4,4,4,2,2,1,2,1,1,2,2,4,1,1,2,2,3,3,1,4,2,4,4,1,3,4,2,4,4,4,4,1,1,2,2,2,2,1,2,2,2,2,4,1,1,1,2,2,1,2,1,2,1,1,4,2,1,
11,19,source_calc_gen_0_ind_19.inp,0.7745125573084853,N/A,0.0,0.0,3,0.0,46,random_initialized,N/A,,N/A,1,4,2,4,1,4,2,1,1,2,2,1,4,4,3,2,1,4,3,1,2,2,1,2,4,4,1,1,4,2,4,2,2,2,2,3,1,1,4,2,1,1,2,1,1,4,1,1,2,2,4,4,4,2,1,1,3,4,2,2,1,4,2,2,1,2,4,2,1,4,1,2,4,1,2,2,4,1,4,4,1,3,3,4,4,2,4,4,4,4,2,1,2,2,4,4,3,2,1,2,4,3,1,2,3,1,3,1,1,2,1,4,2,2,4,2,1,4,2,2,4,2,1,2,2,2,4,1,1,4,2,4,4,2,1,2,1,4,1,1,4,4,3,1,1,2,4,2,1,1,
11,20,source_calc_gen_1_ind_20.inp,0.29578493981055465,N/A,0.0,0.0,3,0.0,50,12,19,N/A,1,4,1,4,1,4,2,1,1,4,2,4,4,2,2,2,1,1,2,2,2,2,1,2,2,4,1,2,1,2,4,2,2,2,1,1,1,1,4,2,2,1,4,1,1,3,1,1,2,3,1,4,4,1,1,3,2,2,2,2,1,4,3,2,2,2,1,2,4,1,2,1,1,3,2,4,4,2,4,4,1,2,4,1,1,4,4,1,4,2,2,2,1,2,4,4,1,2,1,2,2,2,1,4,4,4,3,1,2,2,1,4,2,2,2,4,1,4,2,1,3,2,1,1,4,2,4,4,1,2,2,4,4,1,1,1,1,4,1,2,2,4,3,1,2,2,4,4,1,1,
11,21,source_calc_gen_1_ind_21.inp,0.607722839984003,N/A,0.0,0.0,3,0.0,45,1,5,N/A,4,4,2,4,3,1,2,1,4,2,1,4,3,1,2,2,2,1,4,1,2,2,2,4,1,2,1,4,3,2,2,1,4,3,1,1,1,4,4,1,1,1,1,4,4,4,1,1,1,4,2,4,2,2,3,1,2,4,2,4,2,1,4,4,4,1,4,2,2,2,1,4,2,4,2,2,2,4,2,1,1,4,1,1,4,2,4,4,4,2,3,2,1,4,4,1,1,2,4,2,2,2,4,3,4,4,1,2,1,3,2,4,4,4,1,4,3,2,1,2,1,1,2,4,2,3,1,1,4,1,2,1,2,4,4,2,2,2,4,4,1,4,2,4,1,4,1,4,1,1,
11,22,source_calc_gen_1_ind_22.inp,0.4487273875088187,N/A,0.0,0.0,3,0.0,47,19,12,N/A,1,1,2,4,1,4,2,2,1,4,2,4,2,2,2,2,3,1,3,4,1,3,1,2,4,4,1,2,4,2,4,2,2,2,2,1,1,4,2,1,2,1,2,2,2,4,2,1,2,2,4,4,4,1,1,1,3,2,2,1,1,4,2,1,2,2,4,3,1,4,2,1,1,3,2,2,4,1,4,1,1,3,2,1,4,4,1,1,4,4,1,2,2,2,1,4,1,2,2,3,4,2,1,4,3,4,3,1,2,2,1,4,2,2,4,4,1,4,2,1,4,2,1,2,4,3,4,4,1,4,4,2,2,1,4,1,1,1,1,1,2,1,3,4,2,2,4,4,1,1,
11,23,source_calc_gen_1_ind_23.inp,0.46681458907630724,N/A,0.0,0.0,3,0.0,38,5,3,N/A,4,4,1,3,4,3,1,3,2,1,1,2,3,4,4,1,2,1,4,1,4,2,2,3,2,1,1,4,4,4,3,2,4,4,4,1,1,4,4,1,2,2,1,1,2,4,1,4,2,4,2,4,2,2,2,2,3,4,1,2,2,1,1,4,2,2,1,2,2,2,3,1,2,1,2,4,2,1,3,4,2,3,1,1,2,1,4,1,1,1,2,1,3,4,4,2,3,1,4,2,2,4,2,4,2,1,2,2,2,2,2,4,4,4,2,2,3,3,1,2,2,4,4,4,2,3,4,4,3,1,1,1,4,2,4,4,2,4,4,2,1,4,4,1,4,2,1,4,2,4,
11,24,source_calc_gen_1_ind_24.inp,0.7639468157012811,N/A,0.0,0.0,3,0.0,42,3,5,N/A,4,4,2,3,4,3,1,2,2,1,1,2,2,4,2,1,2,2,4,1,4,2,4,4,2,2,1,3,4,4,3,2,4,4,4,4,4,4,4,1,4,2,1,2,2,2,1,4,1,1,2,1,2,2,2,2,2,4,1,2,2,4,1,2,4,2,4,1,3,4,1,1,2,1,1,1,3,1,1,2,2,3,1,1,2,1,4,2,2,1,2,4,3,4,2,4,3,1,1,1,2,2,2,4,2,1,2,3,1,2,2,2,4,2,2,1,3,3,1,1,2,4,4,2,2,1,1,3,3,1,2,4,1,1,4,4,2,2,4,2,1,3,1,1,4,2,4,2,2,4,
11,25,source_calc_gen_1_ind_25.inp,0.29013918527131377,N/A,0.0,0.0,3,0.0,46,19,3,N/A,4,4,2,4,1,4,2,1,1,2,3,2,4,3,3,1,2,3,1,1,1,2,1,2,2,4,1,1,4,4,4,2,3,2,4,3,1,2,4,2,1,1,2,1,1,4,1,1,2,2,2,1,2,2,1,1,3,1,1,4,2,1,4,2,2,2,4,2,2,3,1,1,2,1,2,2,4,2,3,4,2,3,4,1,1,2,4,4,4,4,2,1,2,2,4,4,3,2,1,1,4,4,2,4,3,1,3,4,2,4,1,4,3,2,2,2,3,3,2,2,4,2,1,2,1,2,1,1,2,4,2,4,4,1,1,2,4,2,1,2,4,1,3,1,1,1,4,2,1,1,
11,26,source_calc_gen_1_ind_26.inp,0.37385622969671684,N/A,0.0,0.0,3,0.0,47,12,19,N/A,1,2,1,4,4,4,1,2,1,2,2,4,4,4,2,2,3,4,3,1,2,2,2,2,4,2,1,1,4,2,4,2,2,1,2,1,1,4,2,1,2,4,4,1,1,4,2,1,2,2,1,4,3,1,1,4,3,2,2,2,1,4,3,1,2,2,4,2,2,4,1,1,1,3,2,2,4,2,4,4,1,3,4,1,1,2,1,1,4,4,1,1,1,2,4,4,2,2,2,2,2,3,1,2,3,1,3,1,2,2,1,4,2,1,4,4,3,1,3,1,4,3,1,2,4,2,4,4,4,2,2,2,4,2,1,1,1,1,1,2,4,1,3,1,2,2,1,4,1,2,
11,27,source_calc_gen_1_ind_27.inp,0.7386515542176725,N/A,0.0,0.0,3,0.0,47,3,1,N/A,4,4,2,3,1,4,3,2,2,3,3,2,4,1,3,2,2,3,1,4,1,1,4,3,1,1,1,3,4,4,1,1,1,4,1,2,1,2,2,3,2,1,1,2,4,2,2,1,2,2,2,4,1,3,2,1,1,4,4,4,2,1,4,3,2,2,3,2,1,4,1,4,2,1,2,4,3,1,2,4,1,4,2,4,1,2,1,4,4,1,2,2,1,4,2,1,1,1,4,1,4,2,4,1,2,1,2,2,2,1,2,4,2,2,2,4,3,3,2,2,1,2,1,2,1,1,4,1,2,3,2,4,2,1,4,2,4,2,1,4,3,1,1,1,4,2,4,2,1,4,
11,28,source_calc_gen_1_ind_28.inp,0.8603182337046097,N/A,0.0,0.0,3,0.0,48,3,12,N/A,1,4,1,3,4,1,2,2,4,1,2,2,2,2,1,1,3,1,4,2,2,4,4,2,2,1,1,2,1,2,4,4,1,1,4,1,1,4,2,1,2,4,1,2,3,4,2,1,2,1,2,1,4,3,1,4,2,2,4,4,2,4,1,1,2,2,1,2,2,4,1,1,2,1,4,4,3,2,1,4,2,2,4,1,1,4,1,1,2,2,2,2,2,1,1,1,1,2,1,2,2,4,3,4,4,4,2,4,2,4,1,4,4,2,2,2,3,4,1,1,4,2,1,2,4,1,1,4,2,2,4,2,2,1,2,4,1,2,1,2,4,1,1,3,2,2,1,2,4,4,
11,29,source_calc_gen_1_ind_29.inp,0.6371574162113037,N/A,0.9824534703377754,0.22522256910277716,1,1e+17,40,19,3,N/A,1,4,3,3,4,3,2,2,4,1,3,1,4,3,4,2,2,1,1,1,1,1,2,2,2,4,1,1,2,4,4,2,4,2,2,4,1,2,4,2,2,4,2,1,1,4,1,1,2,4,2,1,4,3,2,3,3,4,1,2,1,4,1,1,1,2,4,2,1,4,1,2,4,1,2,2,1,1,2,4,2,3,3,4,4,2,4,4,4,1,2,1,2,2,4,4,3,2,1,1,4,3,1,2,3,1,2,1,1,4,2,4,4,4,4,2,3,3,2,2,4,2,1,2,4,2,4,1,4,4,2,4,4,2,1,2,4,2,1,2,4,4,1,3,3,2,4,2,2,1,
11,30,source_calc_gen_1_ind_30.inp,0.11526290884611863,N/A,0.0,0.0,3,0.0,43,3,5,N/A,4,4,4,3,4,3,1,2,2,1,3,4,3,4,2,1,2,1,1,1,1,2,4,3,2,2,1,3,3,4,1,2,4,1,4,1,4,2,4,1,2,4,1,2,2,4,2,1,1,4,2,4,2,2,3,2,1,2,1,2,2,1,1,3,2,1,1,1,3,4,4,1,2,1,2,1,3,1,1,4,2,3,1,1,1,2,4,4,2,2,2,4,2,4,4,2,3,1,1,1,2,2,4,4,2,1,2,4,1,2,2,4,4,3,1,2,3,4,1,1,2,2,4,2,2,1,2,4,2,4,3,4,4,4,2,4,2,2,1,4,1,1,2,2,4,2,1,4,2,4,
11,31,source_calc_gen_1_ind_31.inp,0.8060287409999314,N/A,0.9677717737993563,0.7034612081428702,1,0.9548794861522905,39,5,19,N/A,1,4,2,4,1,1,1,1,3,2,2,4,3,1,3,2,1,4,4,1,2,4,1,2,4,2,1,4,4,4,4,1,2,2,1,3,1,4,4,1,1,4,2,1,2,4,1,1,1,4,2,3,4,2,3,2,3,2,2,2,4,1,1,4,4,2,4,2,3,4,4,1,4,3,2,2,4,2,4,4,3,3,2,4,2,2,4,4,4,2,4,1,3,2,4,1,3,1,1,2,4,2,1,3,2,1,3,3,1,2,2,4,2,2,4,2,2,4,2,2,4,2,4,4,2,2,4,1,3,1,1,1,4,4,4,2,1,4,1,1,4,4,2,1,4,2,1,2,2,1,
11,32,source_calc_gen_1_ind_32.inp,0.6079787984292614,N/A,0.0,0.0,3,0.0,41,1,5,N/A,4,4,2,1,4,1,1,3,4,2,2,2,3,1,2,2,2,1,4,1,4,4,4,1,1,2,1,4,4,4,3,1,3,4,1,2,4,4,1,2,4,4,1,2,3,2,1,1,1,4,2,4,2,2,4,2,1,2,4,2,2,1,4,4,3,2,1,1,3,4,1,4,2,4,2,4,1,4,1,4,2,4,2,4,4,2,1,1,4,2,4,4,1,4,4,1,4,2,4,2,2,2,2,1,2,3,2,2,2,2,2,2,2,4,1,4,4,4,2,2,1,1,2,2,2,1,4,4,4,1,2,1,1,4,4,4,2,2,1,4,1,4,2,4,1,2,2,1,1,1,
11,33,source_calc_gen_1_ind_33.inp,0.49908550819604414,N/A,0.0,0.0,3,0.0,41,5,1,N/A,4,4,2,1,4,4,1,3,4,1,2,4,4,1,2,2,2,3,4,2,1,2,4,3,1,2,1,4,1,4,3,1,3,4,1,2,4,4,3,2,4,4,1,2,4,2,1,1,2,2,2,4,1,2,3,2,2,4,2,2,1,1,1,4,4,1,1,2,3,4,1,4,2,4,1,1,1,4,2,4,2,4,2,4,4,2,4,1,4,4,4,4,3,4,4,1,1,1,4,1,2,2,2,1,4,4,2,2,4,2,1,2,4,4,3,1,2,2,1,2,2,1,4,4,2,1,4,1,4,1,2,1,2,1,3,4,3,2,4,4,1,4,2,2,1,2,1,4,2,2,
11,34,source_calc_gen_1_ind_34.inp,0.9674860801081755,N/A,0.0,0.0,3,0.0,49,19,12,N/A,1,4,1,4,4,1,2,1,1,4,2,1,2,2,3,1,1,4,2,2,2,4,2,2,4,2,1,1,4,2,4,2,2,2,1,3,1,4,4,2,3,4,2,4,1,4,2,1,2,2,1,4,4,1,4,4,3,4,2,1,4,4,3,2,1,2,1,4,1,2,2,1,1,1,2,2,4,2,4,1,1,3,3,1,4,2,1,1,3,4,2,2,2,1,1,4,1,2,1,3,4,3,4,2,1,4,3,1,1,2,1,4,2,2,2,2,1,4,2,2,4,2,1,1,4,2,4,1,2,4,4,4,4,1,2,1,1,1,1,1,4,1,3,2,1,2,4,2,4,1,
11,35,source_calc_gen_2_ind_35.inp,0.12076386858241363,N/A,0.0,0.0,3,0.0,46,22,28,N/A,1,4,1,4,4,1,2,2,4,1,2,2,2,2,1,1,3,1,4,2,1,3,1,2,4,1,1,2,4,2,4,2,2,2,4,1,1,4,2,1,2,1,2,2,3,4,4,1,2,2,2,1,4,3,1,1,3,2,4,4,1,4,1,1,2,2,4,2,2,4,1,1,1,3,4,4,4,2,3,1,2,2,4,1,4,4,1,1,4,2,2,2,2,1,1,4,1,2,2,2,2,2,3,4,4,4,3,1,2,4,4,4,4,2,2,4,1,4,1,2,4,2,1,2,4,3,1,3,1,4,4,2,2,1,4,1,1,1,1,1,4,1,1,4,2,2,4,4,4,4,
11,36,source_calc_gen_2_ind_36.inp,0.9056194601996782,N/A,0.0,0.0,3,0.0,41,22,28,N/A,1,3,2,4,4,1,2,2,4,4,2,2,2,2,1,1,2,2,4,4,2,3,1,2,4,3,1,2,4,2,4,2,2,1,4,1,1,4,2,2,2,1,1,2,3,4,2,1,2,2,4,1,4,2,1,1,3,2,4,1,1,4,1,1,2,2,4,3,2,2,1,1,3,3,2,4,4,1,4,4,2,3,4,4,4,4,1,1,2,2,2,2,2,1,1,4,1,2,2,2,2,1,2,4,3,4,2,4,2,4,1,4,2,2,2,4,3,4,2,1,4,4,1,2,4,3,4,4,2,2,4,1,2,1,2,1,1,1,1,1,4,1,3,4,2,2,1,4,4,1,
11,37,source_calc_gen_2_ind_37.inp,0.8383059892739093,N/A,0.0,0.0,3,0.0,49,22,31,N/A,1,1,2,4,1,1,1,1,1,2,4,4,2,1,3,1,1,1,3,4,1,4,1,2,4,4,1,4,4,4,4,2,2,2,1,3,1,4,2,4,2,4,2,2,2,4,1,1,1,4,2,4,4,2,3,1,3,2,2,2,1,1,2,4,4,2,4,2,1,4,2,1,1,3,2,2,4,1,4,1,1,3,2,4,2,4,1,1,4,4,4,2,2,2,1,1,2,1,1,2,4,1,1,4,3,1,3,2,1,2,2,2,2,2,4,4,1,4,2,1,4,2,4,3,3,3,4,2,3,4,4,2,2,1,4,1,1,1,3,1,4,4,2,1,3,4,1,4,1,1,
11,38,source_calc_gen_2_ind_38.inp,0.4797876237030817,N/A,0.0,0.0,3,0.0,45,22,28,N/A,1,1,1,3,4,1,2,2,1,1,2,2,3,2,2,1,3,1,4,4,2,4,4,2,2,4,1,2,1,2,4,2,2,2,4,1,1,4,3,1,2,3,2,2,2,4,2,1,2,2,4,1,4,3,1,4,3,2,2,4,2,4,1,1,4,2,4,3,2,4,3,1,1,4,2,1,4,1,1,4,2,3,4,1,1,4,1,3,4,4,4,2,2,1,1,1,1,2,2,3,2,4,1,4,3,4,2,1,2,2,1,4,4,2,4,4,1,4,2,1,4,2,2,2,4,1,4,4,1,4,4,2,2,1,2,2,1,2,1,1,2,2,1,3,1,2,1,2,1,4,
11,39,source_calc_gen_2_ind_39.inp,0.5338059813608806,N/A,0.0,0.0,3,0.0,30,3,29,N/A,4,4,3,3,4,3,2,2,2,1,3,1,4,3,4,2,2,2,1,1,1,3,4,2,2,4,1,3,2,4,3,2,4,2,4,4,1,2,4,2,2,2,2,2,4,4,2,3,2,4,2,1,1,3,2,2,1,4,1,4,1,4,1,1,1,2,4,2,2,4,1,1,2,1,2,4,4,1,2,4,2,3,3,4,1,2,4,4,4,2,2,2,2,4,4,2,3,1,1,4,4,1,4,2,2,1,2,4,1,4,2,3,4,4,4,2,3,3,2,2,4,2,4,2,4,1,3,4,4,1,2,4,4,2,2,2,4,2,1,2,4,4,1,3,3,2,4,2,2,1,
11,40,source_calc_gen_2_ind_40.inp,0.9174306914434749,N/A,0.0,0.0,3,0.0,46,22,28,N/A,1,1,1,3,1,1,2,2,4,1,3,2,2,2,2,1,3,1,4,2,2,3,4,2,4,4,1,2,4,2,4,2,1,2,2,1,3,4,2,1,2,2,2,4,2,4,3,1,2,2,4,1,2,1,1,1,2,2,4,4,4,4,2,1,2,2,1,3,2,4,4,1,1,1,4,2,4,1,4,4,2,2,4,1,1,2,1,4,4,2,1,2,2,1,1,4,1,3,1,2,4,2,3,4,4,2,3,1,2,4,1,4,2,2,2,2,3,4,1,1,4,2,1,2,4,1,1,4,2,2,4,3,2,1,4,4,1,1,1,2,2,1,3,3,1,2,1,2,1,2,
11,41,source_calc_gen_2_ind_41.inp,0.3186512299035353,N/A,0.0,0.0,3,0.0,40,29,28,N/A,1,4,3,3,4,1,2,2,2,3,2,1,2,2,4,1,3,1,1,1,1,4,4,2,2,4,1,1,2,2,3,4,4,1,2,4,1,4,2,1,4,4,2,2,3,4,3,1,2,1,3,1,4,3,2,3,2,2,4,2,2,3,1,1,1,2,1,2,1,4,1,2,4,4,4,4,1,4,2,4,2,3,4,1,1,4,1,1,4,2,2,1,2,2,2,1,1,2,1,1,4,4,3,4,4,2,2,4,1,2,2,4,4,2,4,2,3,3,2,1,4,3,1,4,4,2,4,4,2,4,4,4,4,2,2,2,4,2,1,2,4,1,1,3,2,2,1,2,4,1,
11,42,source_calc_gen_2_ind_42.inp,0.9381426891856407,N/A,0.0,0.0,3,0.0,44,28,29,N/A,1,4,1,3,2,1,2,2,4,1,3,2,4,3,1,2,2,1,1,2,1,1,2,2,2,4,1,1,2,3,4,4,4,4,4,2,1,2,2,2,2,4,1,2,3,4,1,1,2,1,2,1,4,2,2,4,3,4,1,2,2,4,1,1,1,2,4,2,1,4,1,1,2,1,2,4,1,2,2,3,2,3,3,2,4,4,1,1,4,1,2,1,2,2,1,1,3,2,1,2,4,4,2,2,4,1,2,4,2,4,2,4,4,2,2,2,3,3,1,1,4,2,1,2,2,2,1,4,4,2,2,4,2,2,1,4,4,2,1,2,4,1,1,3,2,1,4,2,4,1,
11,43,source_calc_gen_2_ind_43.inp,0.3484955842807772,N/A,0.0,0.0,3,0.0,42,29,28,N/A,1,1,3,3,1,1,2,2,4,1,2,1,2,2,2,1,3,1,1,1,2,4,1,2,2,1,1,4,2,2,4,1,1,2,2,1,1,2,3,2,2,4,1,4,3,4,1,1,2,4,2,1,4,2,2,4,3,2,2,2,1,4,1,3,4,2,1,2,2,2,1,2,2,1,4,4,3,1,2,4,2,2,4,1,1,4,1,4,2,1,2,4,2,2,3,4,1,2,1,3,4,4,2,2,4,1,2,1,2,4,1,4,4,4,4,2,3,3,2,2,4,2,3,2,4,1,1,4,2,4,2,2,2,4,2,2,1,2,1,2,4,2,1,3,4,2,4,2,4,1,
11,44,source_calc_gen_2_ind_44.inp,0.49247356073998294,N/A,0.0,0.0,3,0.0,46,22,29,N/A,1,4,3,1,1,3,2,2,1,1,3,1,2,3,1,2,2,1,1,4,1,1,1,2,4,4,1,1,4,2,4,2,2,2,2,1,2,2,4,1,2,4,2,1,3,4,2,1,2,4,2,1,4,1,1,3,3,4,1,1,1,4,2,1,2,2,4,2,1,4,1,1,1,3,4,2,1,1,4,4,2,3,3,4,4,4,2,4,4,3,2,2,2,2,1,4,1,2,2,3,4,2,1,4,3,4,2,1,2,2,1,4,2,2,4,4,1,4,4,2,3,2,1,2,4,2,4,1,1,4,2,4,2,1,1,2,3,1,2,2,2,1,1,4,2,2,4,2,2,1,
11,45,source_calc_gen_2_ind_45.inp,0.4952708628562842,N/A,0.0,0.0,3,0.0,47,29,28,N/A,1,4,3,3,4,1,3,2,4,1,3,1,4,2,1,2,3,1,4,1,2,4,2,2,2,3,1,1,1,2,4,2,4,2,4,1,4,2,4,2,2,4,3,1,1,4,2,1,2,1,2,4,4,3,1,4,3,2,1,4,1,4,1,1,1,2,4,2,1,4,1,1,2,1,2,3,3,1,2,4,2,2,3,1,1,4,4,4,2,1,2,1,2,1,1,4,3,2,1,1,4,4,1,4,3,3,2,1,1,4,1,3,4,4,2,2,3,4,1,1,2,2,1,2,4,1,4,4,4,2,4,2,4,1,2,4,4,2,1,3,4,4,1,3,4,2,1,2,2,1,
11,46,source_calc_gen_2_ind_46.inp,0.1767600785228639,N/A,0.0,0.0,3,0.0,45,22,28,N/A,1,4,2,4,4,1,2,2,4,1,2,2,2,2,1,1,2,1,4,2,2,4,4,2,2,1,1,2,1,2,4,2,1,1,4,1,1,4,2,1,2,4,2,3,2,4,2,4,2,1,4,1,4,3,1,4,2,2,4,4,1,4,2,1,2,2,1,3,2,4,1,4,2,1,4,2,4,1,1,4,3,2,4,1,1,4,1,1,2,4,1,2,2,2,1,4,4,1,2,3,2,4,1,4,2,4,3,1,2,2,1,4,2,3,4,4,1,4,2,1,4,2,1,2,4,4,1,4,3,4,4,2,2,1,2,4,1,1,1,2,2,1,3,3,2,2,1,2,4,1,
11,47,source_calc_gen_2_ind_47.inp,0.9948746489587827,N/A,0.0,0.0,3,0.0,46,29,22,N/A,1,1,2,3,2,4,2,3,1,1,3,1,3,2,1,2,4,1,3,1,1,3,2,2,4,4,1,2,4,4,4,2,1,2,3,1,1,2,3,1,2,3,2,2,2,4,2,1,2,4,4,4,4,1,1,1,3,2,1,1,1,4,1,1,1,2,4,3,4,4,1,1,1,1,1,2,4,1,2,1,2,3,3,2,4,2,1,1,4,1,2,1,2,2,4,4,3,2,2,1,4,3,1,4,3,4,2,1,2,4,1,4,2,4,4,4,3,3,2,2,4,2,1,2,4,2,4,1,1,4,2,4,4,1,4,1,3,2,3,2,2,2,3,3,3,1,4,4,2,1,
11,48,source_calc_gen_2_ind_48.inp,0.95779905436472,N/A,0.0,0.0,3,0.0,45,28,3,N/A,1,4,4,3,4,3,2,2,2,1,3,2,2,2,1,1,3,3,1,2,1,2,2,3,2,3,1,3,2,4,1,2,4,1,4,1,1,2,2,3,2,4,3,2,1,4,1,1,2,1,2,1,4,3,2,2,2,2,1,4,2,4,1,1,2,2,1,2,2,4,1,1,2,1,4,4,3,1,2,4,2,1,4,1,1,4,1,4,1,2,2,2,1,1,1,2,3,2,1,2,4,4,4,4,4,4,2,4,2,4,2,3,4,2,2,2,3,1,1,1,4,2,1,2,2,1,1,4,2,2,4,4,4,1,2,4,4,2,1,2,4,1,1,2,4,1,1,4,4,2,
11,49,source_calc_gen_2_ind_49.inp,0.2755005710121159,N/A,0.0,0.0,3,0.0,47,31,3,N/A,4,4,2,3,1,1,1,2,2,1,3,2,3,4,4,2,2,1,1,1,2,4,4,3,4,1,3,4,4,4,4,1,3,1,4,4,1,4,4,1,3,2,1,2,2,4,1,1,2,1,2,1,1,3,3,2,1,1,2,2,2,1,1,4,2,2,4,3,2,4,1,1,4,1,1,4,1,2,4,4,3,3,2,1,1,2,4,4,3,3,4,1,2,1,4,1,3,1,1,1,4,4,4,2,2,4,3,4,1,2,2,4,2,2,2,2,3,3,2,2,3,2,1,2,4,1,4,1,2,1,2,4,1,1,2,2,1,4,1,1,4,4,2,1,4,2,4,2,2,1,
11,50,source_calc_gen_3_ind_50.inp,0.8792367262980761,N/A,0.0,0.0,3,0.0,42,31,32,N/A,1,4,2,1,4,1,3,1,4,2,2,4,3,1,2,2,2,4,4,1,4,4,4,2,1,2,1,4,4,4,4,1,2,4,1,2,1,4,1,2,3,4,1,1,2,2,1,1,1,4,2,3,2,3,1,2,3,2,4,2,4,1,4,4,3,2,1,2,1,4,4,1,2,3,4,4,4,4,1,2,3,4,2,4,2,2,1,1,4,2,4,1,3,1,4,1,3,1,4,2,4,2,2,3,2,1,2,3,2,2,2,3,2,4,1,2,4,4,2,2,1,1,4,3,2,2,4,4,1,1,2,1,4,4,4,4,2,2,1,1,2,4,2,1,4,2,1,2,1,1,
11,51,source_calc_gen_3_ind_51.inp,0.8923227071592768,N/A,0.0,0.0,3,0.0,37,32,29,N/A,4,4,2,3,1,1,1,2,4,2,1,1,3,3,4,2,2,1,1,1,1,4,4,4,2,4,3,4,4,4,4,2,3,4,1,4,4,4,4,3,4,4,2,1,2,4,1,1,2,4,3,4,4,3,2,2,1,4,1,1,4,4,3,1,3,2,1,2,1,4,1,2,2,1,2,2,1,3,2,3,2,4,2,4,4,2,1,4,4,1,2,4,1,4,4,4,4,2,1,2,2,2,2,2,2,1,2,4,1,2,2,2,4,4,4,4,3,4,2,2,4,2,1,1,4,2,4,4,4,1,2,1,1,2,4,3,4,2,1,4,3,4,2,3,1,2,4,1,2,1,
11,52,source_calc_gen_3_ind_52.inp,0.6916838825497026,N/A,0.0,0.0,3,0.0,49,3,28,N/A,1,4,1,3,4,3,2,2,2,1,2,2,2,2,1,1,2,4,3,1,1,2,4,2,2,1,1,2,1,2,1,4,1,1,4,4,1,2,2,1,4,4,4,2,4,4,2,1,2,1,1,1,2,3,1,2,1,3,1,4,2,2,1,3,2,2,1,2,2,4,1,1,2,1,4,2,3,1,1,4,2,3,4,1,1,2,1,1,4,2,2,2,2,1,1,1,3,2,1,1,2,4,2,4,3,4,3,4,2,2,2,4,4,2,3,2,3,4,1,1,3,2,1,2,4,1,1,4,2,2,4,4,4,1,2,1,4,2,1,2,4,1,1,3,2,4,1,2,4,4,
11,53,source_calc_gen_3_ind_53.inp,0.5086698052109345,N/A,0.0,0.0,3,0.0,39,3,32,N/A,3,4,2,1,4,3,1,3,2,2,3,1,3,4,2,1,2,1,4,1,4,2,4,4,2,1,1,3,2,3,2,2,4,1,4,2,4,2,4,3,2,4,1,2,3,2,2,1,2,4,2,1,2,3,2,2,1,4,4,2,2,1,1,4,3,2,2,2,1,4,1,1,2,1,2,4,4,4,2,1,2,4,1,2,1,2,4,4,1,1,2,4,1,4,4,2,4,1,4,1,2,4,2,1,3,3,2,4,2,4,2,4,4,4,2,4,3,1,1,2,1,2,1,2,4,1,3,4,4,1,2,1,1,4,2,1,2,2,4,4,4,4,4,4,4,2,4,2,1,1,
11,54,source_calc_gen_3_ind_54.inp,0.5890101339406046,N/A,0.0,0.0,3,0.0,43,3,31,N/A,4,4,4,3,1,3,1,2,2,1,2,2,2,4,4,2,3,4,4,1,2,4,4,3,2,1,1,3,4,4,1,3,1,2,1,4,1,4,4,4,2,2,1,1,2,4,2,1,1,1,2,4,4,3,3,2,1,3,2,4,4,1,1,3,2,2,4,2,3,4,1,1,2,1,2,4,4,2,4,2,2,3,1,4,1,4,4,4,4,2,2,1,4,4,4,1,3,1,1,1,4,4,1,4,2,1,1,4,2,2,2,4,3,2,2,2,2,4,1,2,4,2,1,4,4,1,4,1,2,1,3,1,4,4,2,4,1,2,1,3,4,4,1,1,4,1,1,4,2,4,
11,55,source_calc_gen_3_ind_55.inp,0.22557188888458923,N/A,0.0,0.0,3,0.0,40,31,29,N/A,1,4,2,3,4,1,1,1,4,2,2,1,4,3,4,2,2,4,4,1,1,4,1,2,4,2,1,4,2,4,4,2,4,2,2,4,1,2,4,2,1,4,2,1,2,4,1,1,1,4,1,1,4,2,2,2,3,4,2,2,4,1,1,4,1,2,4,2,1,4,1,2,4,3,2,2,4,1,4,1,3,3,3,4,3,2,4,4,4,1,2,1,2,2,4,4,3,1,1,2,4,2,1,2,3,1,3,3,1,4,2,4,3,2,4,2,3,3,2,2,4,2,1,2,2,2,4,1,3,4,1,1,4,2,1,2,1,2,1,1,4,4,2,2,3,2,3,4,2,1,
11,56,source_calc_gen_3_ind_56.inp,0.39728287516570704,N/A,0.0,0.0,3,0.0,36,28,31,N/A,2,4,2,4,1,1,2,2,3,1,2,4,2,1,1,2,1,1,4,1,2,4,4,2,2,1,1,4,4,2,4,4,4,2,1,1,1,4,2,1,2,4,2,2,3,4,2,1,1,2,2,1,2,3,1,4,2,2,3,2,2,4,1,4,2,2,4,3,1,4,1,2,4,1,4,4,3,2,4,4,2,3,4,2,2,4,4,4,4,2,2,2,2,1,4,1,1,2,3,2,2,4,1,3,4,1,3,4,1,2,2,4,4,2,2,2,3,4,2,1,4,2,1,4,2,1,4,4,3,2,4,1,2,4,2,4,1,2,1,2,4,4,2,3,4,2,2,1,2,1,
11,57,source_calc_gen_3_ind_57.inp,0.5727162061598762,N/A,0.0,0.0,3,0.0,38,32,31,N/A,1,4,2,4,1,1,1,1,1,2,2,2,3,1,3,2,1,1,4,1,4,4,4,1,1,2,3,4,4,4,3,1,4,4,1,2,1,4,4,1,1,4,1,4,2,2,1,1,1,1,2,3,2,2,4,2,3,2,2,4,1,1,1,4,3,2,1,2,4,4,1,3,2,4,1,4,4,2,4,4,3,3,2,4,2,2,4,4,4,2,4,4,1,2,4,1,4,2,4,2,4,2,2,1,2,3,2,2,2,3,2,2,2,2,2,4,4,4,2,2,4,2,3,4,2,2,4,4,3,4,2,1,4,4,4,2,2,2,1,1,1,4,2,1,1,2,2,2,1,3,
11,58,source_calc_gen_3_ind_58.inp,0.8626127403193127,N/A,0.0,0.0,3,0.0,46,3,28,N/A,1,4,4,3,4,2,1,2,2,1,2,2,4,2,1,1,3,1,1,2,1,2,2,2,2,1,1,4,2,2,2,2,4,1,4,4,1,1,2,3,3,2,4,2,2,4,2,1,2,1,2,1,4,3,1,4,1,2,1,4,2,4,1,1,2,2,1,2,2,4,1,1,2,1,4,4,3,1,1,4,2,2,4,1,1,2,1,1,2,1,2,2,1,1,4,4,1,2,1,1,2,4,3,4,3,2,2,4,2,4,2,4,4,2,2,2,3,4,1,2,4,2,1,2,4,2,1,4,2,2,2,3,2,1,3,2,4,1,4,2,4,1,1,3,4,1,1,2,3,4,
11,59,source_calc_gen_3_ind_59.inp,0.2915831133862978,N/A,0.0,0.0,3,0.0,43,29,3,N/A,4,4,3,3,4,3,2,2,4,1,3,1,4,3,4,2,2,1,1,1,1,1,2,2,2,1,2,1,2,1,4,4,4,2,4,4,1,3,4,3,2,2,2,1,4,4,1,1,2,1,2,1,2,3,2,2,1,4,1,4,2,4,1,3,2,2,4,2,1,4,1,1,2,1,4,2,1,1,2,4,4,3,3,1,2,2,4,4,1,1,2,1,2,2,4,4,3,1,1,1,4,2,4,4,4,1,2,1,2,4,2,4,4,4,4,2,3,3,1,1,4,2,1,1,4,2,1,4,4,4,2,4,4,1,4,1,4,2,1,2,4,4,1,3,4,2,4,2,2,4,
11,60,source_calc_gen_3_ind_60.inp,0.964695984078483,N/A,0.0,0.0,3,0.0,50,28,32,N/A,4,4,1,1,4,1,1,3,4,4,2,2,2,1,1,2,2,4,4,2,2,4,4,2,1,1,1,2,4,4,3,1,3,1,3,3,4,4,2,1,2,4,1,1,2,2,1,1,3,1,2,4,2,2,1,3,1,2,4,4,2,4,4,1,2,1,1,2,3,4,1,4,2,4,4,4,3,2,1,1,2,4,2,1,1,4,1,1,2,2,4,4,2,4,1,1,1,2,4,2,1,4,2,1,4,2,2,4,2,2,2,2,2,2,1,2,4,4,2,1,1,1,1,2,4,1,1,4,4,1,4,1,1,1,4,4,1,2,1,4,4,1,2,3,2,2,1,2,4,1,
11,61,source_calc_gen_3_ind_61.inp,0.7399953225379886,N/A,0.0,0.0,3,0.0,46,3,28,N/A,1,4,1,3,4,1,1,2,4,1,2,2,4,4,4,1,3,1,1,1,2,2,4,2,2,1,1,3,4,2,4,2,4,1,4,4,1,3,2,1,2,2,1,3,3,4,2,1,2,1,2,1,2,3,1,2,1,4,4,4,2,4,1,1,3,2,1,2,2,4,1,1,2,1,1,4,3,2,1,4,2,2,4,2,1,4,1,4,2,1,2,2,2,1,1,2,1,2,1,1,4,4,3,4,4,4,2,4,2,4,2,4,4,2,2,2,3,3,1,2,1,2,1,2,4,2,1,4,3,4,2,2,2,1,1,4,4,2,1,2,4,1,1,3,4,1,3,4,2,4,
11,62,source_calc_gen_3_ind_62.inp,0.33158875639738705,N/A,0.0,0.0,3,0.0,39,3,28,N/A,1,4,4,3,4,3,1,2,3,1,2,2,2,1,1,4,2,2,4,1,1,4,4,3,2,1,1,3,4,4,1,3,4,1,4,1,1,4,2,3,2,2,1,2,3,4,2,2,2,1,2,1,4,3,2,3,2,2,4,4,2,4,1,1,2,2,2,2,2,4,1,1,2,1,2,4,3,2,2,4,2,2,4,1,1,2,4,4,1,2,2,2,2,4,4,2,1,2,1,2,2,4,3,4,3,1,2,4,2,4,1,4,4,2,2,2,3,3,1,2,4,2,1,2,4,1,1,4,2,2,2,2,2,1,2,4,1,2,1,2,4,1,1,1,2,1,4,2,2,4,
11,63,source_calc_gen_3_ind_63.inp,0.23889329100375006,N/A,0.0,0.0,3,0.0,42,28,29,N/A,1,2,1,3,4,4,2,2,3,1,3,1,2,3,4,2,2,1,2,1,1,1,4,2,2,4,1,1,2,4,4,4,4,1,4,1,1,4,2,1,2,4,1,1,1,4,1,1,2,4,2,1,4,3,2,4,3,2,4,2,1,4,1,1,2,2,4,1,2,4,1,2,2,1,1,2,3,1,1,4,2,3,3,1,4,2,4,4,4,2,2,2,2,1,1,4,2,2,1,1,2,4,4,2,3,4,2,1,1,4,2,4,4,2,2,2,3,3,1,2,4,2,4,2,4,1,2,4,2,2,4,4,2,1,2,2,1,2,1,2,4,4,1,3,3,2,4,2,4,4,
11,64,source_calc_gen_3_ind_64.inp,0.38618838181430437,N/A,0.0,0.0,3,0.0,40,31,32,N/A,4,4,2,1,4,1,1,4,3,2,2,4,3,1,2,2,1,4,4,1,2,4,1,4,4,2,2,4,4,4,4,1,2,4,1,1,1,4,4,1,4,4,1,2,2,4,1,1,1,4,2,1,2,2,3,2,1,2,4,3,4,1,4,4,3,1,4,2,3,4,4,1,4,3,2,2,4,4,2,4,3,3,2,4,2,2,4,4,4,2,4,1,1,2,4,1,4,2,4,2,4,2,2,3,2,3,1,3,1,2,2,1,2,2,3,2,2,4,2,2,1,4,2,2,2,2,4,1,3,1,1,1,1,4,4,2,1,4,1,1,4,4,2,3,1,3,1,1,1,2,
11,65,source_calc_gen_4_ind_65.inp,0.2949267586121629,N/A,0.0,0.0,3,0.0,47,5,29,N/A,1,4,2,3,4,1,2,4,4,1,3,1,3,3,2,1,2,1,4,1,1,2,2,2,2,2,1,3,3,4,3,1,4,4,2,1,1,4,4,1,2,4,1,1,1,4,1,1,2,4,2,4,4,3,4,2,2,4,1,2,2,3,1,1,4,1,4,1,2,4,2,1,4,1,2,2,2,3,1,4,2,2,1,4,4,1,4,1,3,1,2,4,2,4,4,1,3,1,4,1,4,3,1,2,3,3,1,4,1,2,2,4,4,4,1,1,3,4,1,2,4,2,4,2,4,2,3,4,3,1,1,1,4,4,1,2,2,2,4,2,1,4,1,1,3,2,4,2,2,1,
11,66,source_calc_gen_4_ind_66.inp,0.19039065215701154,N/A,0.0,0.0,3,0.0,43,5,29,N/A,4,4,1,3,4,1,2,2,2,4,1,1,3,3,2,2,2,1,4,1,1,1,2,4,2,2,1,1,3,4,3,2,4,2,2,1,4,2,4,2,4,4,1,1,2,4,1,1,1,4,2,4,4,2,4,3,3,2,1,2,2,1,1,1,4,2,1,2,1,4,2,4,2,1,2,1,3,4,1,1,2,2,1,4,4,1,4,2,2,1,4,4,2,4,4,1,3,2,3,1,4,3,2,1,3,3,1,4,1,4,2,2,4,4,1,2,2,3,2,2,4,2,4,4,4,1,4,4,3,1,1,3,2,2,1,2,2,3,1,4,1,4,2,3,2,2,1,2,2,1,
11,67,source_calc_gen_4_ind_67.inp,0.3664534512791725,N/A,0.9860839377237092,0.7083969437119425,0,N/A,44,31,29,N/A,1,4,3,3,1,3,2,2,4,2,3,4,3,4,4,2,2,1,1,1,3,1,1,2,2,1,1,4,4,4,4,2,2,2,1,4,2,4,4,2,2,4,2,1,1,4,1,1,1,4,2,1,4,2,3,2,3,4,1,2,1,4,4,4,1,2,4,2,1,4,3,1,4,1,2,2,1,1,4,4,2,3,3,2,4,2,4,4,4,1,2,1,3,2,4,1,3,1,1,1,4,2,1,2,3,1,2,1,1,4,2,4,2,4,4,2,2,3,2,2,4,2,1,2,2,2,3,1,3,4,2,1,4,2,1,2,4,2,1,1,4,4,1,1,3,4,1,2,3,1,
11,68,source_calc_gen_4_ind_68.inp,0.8019192414482558,N/A,0.0,0.0,3,0.0,46,33,5,N/A,4,4,2,1,4,1,1,3,2,1,1,4,4,1,2,2,2,3,4,1,1,2,4,4,2,2,1,4,1,4,3,4,4,4,1,2,4,4,3,1,4,4,1,2,4,4,3,1,2,4,2,4,2,2,1,4,2,2,2,2,2,1,1,4,4,1,1,2,3,4,1,1,2,4,1,1,2,4,4,4,2,4,1,1,4,1,4,1,2,2,4,3,3,4,4,1,1,1,4,1,2,2,2,1,4,4,1,2,2,2,1,2,4,4,3,1,2,4,1,2,2,1,4,4,2,1,4,1,4,1,2,1,1,4,4,4,2,2,4,4,1,4,2,2,1,2,1,4,2,1,
11,69,source_calc_gen_4_ind_69.inp,0.45708141928977164,N/A,0.0,0.0,3,0.0,42,31,5,N/A,2,4,2,4,4,1,1,1,3,1,2,4,3,1,2,2,1,1,4,1,2,1,4,2,4,2,1,4,3,4,4,1,4,2,1,1,4,4,4,1,4,4,3,2,2,4,1,1,1,4,2,3,4,2,4,1,3,2,2,2,4,1,1,4,4,2,4,3,3,4,4,1,2,1,2,1,2,2,1,4,3,2,1,3,2,2,1,1,2,2,4,2,3,4,4,1,1,1,1,2,4,2,2,1,2,4,3,3,1,2,2,4,4,4,4,1,2,4,1,2,4,2,4,4,2,2,4,2,3,1,1,1,4,4,4,2,2,2,1,1,4,4,2,1,4,2,1,2,2,3,
11,70,source_calc_gen_4_ind_70.inp,0.9770969514298531,N/A,0.0,0.0,3,0.0,38,33,29,N/A,4,1,2,3,4,4,1,2,4,1,3,4,4,3,2,2,2,2,4,3,1,2,4,2,1,4,1,4,1,4,4,2,3,2,2,2,2,2,4,2,2,4,4,1,1,4,3,1,1,2,2,4,4,3,3,2,2,4,2,2,3,4,1,1,1,1,4,2,3,4,1,2,4,1,2,3,1,1,2,4,2,3,3,4,1,2,4,4,3,4,4,1,2,2,4,1,1,1,4,1,2,2,1,1,4,1,2,1,4,4,1,4,4,4,4,2,2,3,2,2,2,1,1,2,2,2,4,1,4,4,2,1,4,4,1,4,3,2,4,2,1,4,1,3,1,2,4,4,2,4,
11,71,source_calc_gen_4_ind_71.inp,0.21884736463373833,N/A,0.0,0.0,3,0.0,36,31,5,N/A,4,4,3,4,4,1,1,3,2,2,4,4,2,1,2,2,2,4,4,1,4,4,4,3,2,2,1,4,4,1,4,4,4,4,3,3,1,4,4,1,4,4,2,2,2,4,1,1,1,1,2,3,2,2,4,2,2,2,2,2,4,3,1,4,4,2,4,2,3,4,4,1,4,2,2,2,4,4,4,4,2,2,1,1,2,1,4,1,3,2,2,4,3,1,2,1,1,3,4,2,2,2,1,1,2,1,1,3,2,3,2,2,2,2,3,1,2,4,1,2,4,4,4,4,4,2,4,4,3,1,1,1,2,3,1,2,1,2,1,3,4,4,4,1,4,2,1,4,2,1,
11,72,source_calc_gen_4_ind_72.inp,0.36449303199072103,N/A,0.0,0.0,3,0.0,44,31,3,N/A,1,4,2,3,1,1,1,1,2,1,3,4,3,4,4,3,3,2,4,1,4,2,3,2,4,1,1,4,4,4,4,1,4,2,2,4,1,2,4,1,2,2,2,2,4,4,1,2,1,4,2,1,4,3,3,2,1,4,1,2,4,1,1,3,2,2,2,2,2,4,4,1,2,3,2,2,3,1,2,4,4,3,3,1,1,2,4,4,4,2,2,1,2,4,4,2,3,1,1,1,2,2,1,3,3,1,2,4,1,4,2,1,1,2,2,2,4,2,2,2,4,2,1,4,4,1,1,1,3,4,2,4,4,1,4,4,4,4,1,1,1,1,2,1,4,1,1,2,4,4,
11,73,source_calc_gen_4_ind_73.inp,0.45735694759756973,N/A,0.9567842728681043,0.15059397420577036,2,1e+17,44,29,3,N/A,4,2,1,3,4,3,1,2,2,1,1,1,4,4,4,2,2,1,1,1,1,1,3,3,2,4,1,1,4,4,4,2,4,1,4,4,1,3,4,2,2,2,2,1,1,4,1,1,3,1,2,1,4,3,2,3,3,4,1,2,2,1,1,1,1,2,4,2,1,4,1,1,4,1,2,4,1,1,2,4,2,3,3,1,3,4,4,4,4,1,2,1,2,2,1,4,3,2,3,1,4,4,1,4,3,4,2,4,3,4,2,4,4,2,4,2,3,3,1,2,2,2,1,3,4,1,2,1,2,4,2,4,4,2,2,2,4,2,1,2,4,4,1,1,4,2,4,2,2,4,
11,74,source_calc_gen_4_ind_74.inp,0.8730355452613893,N/A,0.0,0.0,3,0.0,40,31,29,N/A,1,4,3,4,1,1,2,1,4,1,3,4,4,3,2,2,1,4,4,1,1,4,1,2,2,2,1,1,4,4,4,2,2,2,1,4,1,4,4,1,2,4,2,1,2,4,1,1,2,4,2,1,4,2,2,3,1,2,2,1,1,4,1,1,1,2,4,2,3,4,4,1,4,1,2,2,1,2,4,4,2,3,2,4,4,2,4,4,4,2,4,1,2,2,4,2,3,3,1,4,4,3,1,2,2,1,1,3,1,4,2,4,4,4,4,2,3,4,2,2,4,2,4,2,4,2,4,1,4,4,1,1,4,2,4,3,1,2,1,2,4,4,2,1,4,2,4,2,2,1,
11,75,source_calc_gen_4_ind_75.inp,0.5845941712369865,N/A,0.0,0.0,3,0.0,50,29,33,N/A,1,4,3,3,4,3,1,2,4,1,2,1,4,2,2,1,2,1,4,2,1,1,4,3,1,4,1,1,4,4,3,1,3,4,4,4,4,4,4,2,2,4,1,2,1,2,1,1,2,4,3,1,1,3,2,3,3,4,1,3,1,1,1,1,1,3,1,2,1,4,1,4,4,4,1,1,2,1,4,4,2,4,2,4,4,2,4,1,4,3,4,1,3,2,4,1,1,2,4,1,2,2,1,1,3,4,2,1,4,2,1,4,4,4,3,2,2,3,1,2,4,2,1,2,2,1,4,1,4,1,2,4,3,1,1,4,4,2,1,2,1,4,2,2,3,2,1,2,2,1,
11,76,source_calc_gen_4_ind_76.inp,0.6391635341526843,N/A,0.0,0.0,3,0.0,49,5,29,N/A,1,4,3,1,4,1,1,2,4,1,1,2,3,2,2,2,2,4,4,1,1,1,4,2,2,4,1,1,3,4,4,2,4,2,1,1,1,4,4,2,2,4,1,2,1,1,1,4,1,4,2,1,4,3,2,2,2,4,1,2,2,1,1,1,4,2,1,2,3,2,2,1,4,1,2,2,1,1,1,4,2,2,3,1,4,4,4,4,2,2,4,4,2,4,4,1,1,2,1,1,4,3,1,2,2,1,4,4,1,4,2,4,4,4,4,1,2,3,1,1,4,4,3,2,2,1,4,1,3,1,2,1,4,3,1,2,2,2,4,4,4,4,2,1,3,2,1,4,2,1,
11,77,source_calc_gen_4_ind_77.inp,0.9578187038190693,N/A,0.0,0.0,3,0.0,45,29,33,N/A,4,4,3,3,4,2,1,3,4,1,3,4,4,1,2,2,2,1,1,4,1,2,2,2,2,2,1,1,2,4,3,2,3,2,1,2,4,2,1,2,4,4,2,2,1,4,1,1,2,1,2,4,1,2,3,3,2,4,1,1,1,4,1,4,1,2,1,1,3,4,1,4,4,1,1,2,1,4,2,4,2,4,3,4,4,2,4,1,4,1,4,4,2,4,4,1,1,1,4,1,4,3,1,2,3,1,2,1,1,2,2,4,4,4,4,2,2,3,1,2,3,2,1,2,2,1,1,2,4,4,2,1,2,1,1,4,3,2,1,3,4,4,1,2,3,3,4,2,2,3,
11,78,source_calc_gen_4_ind_78.inp,0.16260911602139128,N/A,0.0,0.0,3,0.0,43,31,29,N/A,1,4,3,4,1,1,1,1,3,2,3,1,4,3,3,2,1,4,4,1,1,1,2,2,2,4,1,4,2,4,4,2,2,2,4,1,1,2,4,2,2,4,2,1,1,4,1,1,2,4,2,4,4,2,2,3,3,4,1,2,1,1,1,4,4,2,4,2,1,4,1,1,4,1,2,2,4,1,4,4,3,3,3,4,2,2,4,4,4,1,4,1,3,2,4,4,3,1,1,2,4,3,1,3,3,1,2,3,3,2,2,1,4,3,4,2,2,3,2,2,4,2,1,2,4,4,4,1,3,1,2,1,4,4,1,2,4,4,1,3,4,4,1,1,4,2,1,2,2,1,
11,79,source_calc_gen_4_ind_79.inp,0.374385469432287,N/A,0.0,0.0,3,0.0,45,33,3,N/A,4,4,3,3,4,4,1,3,4,1,2,4,4,1,4,1,2,1,2,1,1,2,4,3,2,2,1,4,1,4,3,2,4,4,1,4,1,4,4,3,4,2,1,2,4,2,1,1,2,2,2,4,2,2,3,1,2,4,1,2,1,1,1,4,2,2,1,2,2,4,1,1,2,1,2,2,3,4,2,4,2,3,1,1,1,2,4,1,1,4,4,2,2,4,4,2,3,1,4,1,2,2,2,4,3,1,2,1,2,2,2,2,4,4,3,2,2,3,1,2,4,1,1,4,2,1,1,1,2,1,2,2,4,1,3,4,4,2,1,4,4,1,2,2,1,1,1,2,2,2,
11,80,source_calc_gen_5_ind_80.inp,0.2540882710596608,N/A,0.0,0.0,3,0.0,48,29,73,N/A,1,4,1,3,4,3,1,2,2,1,1,1,4,2,1,2,2,1,1,1,1,1,3,4,1,4,1,1,4,2,2,2,4,2,4,4,1,3,4,2,2,4,2,1,1,4,1,2,2,1,2,1,1,3,2,3,3,1,1,2,2,1,1,1,1,4,4,2,1,4,1,2,4,1,2,4,1,1,2,4,2,3,3,4,3,2,4,1,4,1,2,1,2,2,1,4,3,2,1,1,4,4,1,2,3,4,2,4,1,4,2,4,4,4,2,2,3,3,1,2,4,2,1,3,2,2,3,1,2,4,4,4,4,2,2,2,1,2,1,2,4,4,1,1,4,2,4,2,2,4,
11,81,source_calc_gen_5_ind_81.inp,0.4943832886319658,N/A,0.0,0.0,3,0.0,40,31,0,N/A,1,4,2,4,3,1,3,4,3,2,2,4,3,1,4,2,1,4,2,2,2,2,1,2,4,2,2,4,4,4,3,4,2,1,1,3,1,4,4,4,1,4,2,1,1,1,1,1,1,4,4,3,2,4,4,2,3,2,4,2,4,1,1,4,4,2,4,2,2,4,4,1,4,2,2,4,4,2,4,4,3,1,2,4,1,2,4,4,4,2,3,2,2,4,4,2,1,2,1,4,2,2,1,1,2,1,3,2,1,2,4,1,2,2,4,2,1,4,2,2,1,2,2,4,4,2,4,1,3,4,4,1,2,1,4,4,1,4,1,1,2,2,2,1,1,2,1,1,2,1,
11,82,source_calc_gen_5_ind_82.inp,0.6484442323622698,N/A,0.0,0.0,3,0.0,34,31,73,N/A,3,2,1,3,4,3,1,2,3,2,2,4,3,4,4,2,2,4,1,1,2,1,3,3,4,4,1,1,4,2,4,1,4,2,1,4,1,4,4,2,2,4,2,1,2,4,2,4,1,1,2,1,4,3,3,3,3,2,1,2,4,1,2,4,1,2,4,2,3,4,1,4,4,3,2,4,1,2,2,4,3,3,3,1,3,4,4,4,4,1,4,3,2,2,4,1,3,2,1,2,4,4,1,3,2,4,3,4,3,2,2,4,2,2,4,2,2,2,2,2,2,2,1,4,4,2,2,1,2,2,2,1,4,1,2,2,1,4,1,1,4,4,1,1,4,2,1,2,2,4,
11,83,source_calc_gen_5_ind_83.inp,0.8272281203275584,N/A,0.0,0.0,3,0.0,36,31,67,N/A,2,4,3,4,1,3,2,1,4,2,2,4,3,4,4,2,1,3,1,1,4,1,1,2,4,2,1,4,4,4,4,2,2,4,1,3,2,4,2,1,2,4,2,1,1,4,1,1,1,4,2,3,4,1,3,2,3,4,1,2,4,4,1,4,1,2,2,2,1,4,4,1,4,1,2,2,1,2,4,4,3,3,3,4,4,2,4,4,4,1,2,1,3,4,4,4,4,2,1,2,4,4,1,3,2,1,3,3,4,2,3,4,2,4,4,1,2,4,2,2,4,4,4,4,2,2,4,1,3,4,2,1,4,3,4,4,4,4,3,1,4,4,1,1,4,4,1,2,3,1,
11,84,source_calc_gen_5_ind_84.inp,0.6191047872214422,N/A,0.0,0.0,3,0.0,39,67,73,N/A,4,3,4,3,3,3,1,2,4,1,3,1,4,4,4,4,2,1,1,1,3,1,4,3,3,1,1,1,4,4,4,2,4,2,1,4,1,3,4,4,2,2,2,1,2,3,1,1,3,4,3,1,4,3,4,2,3,4,1,2,2,1,1,4,1,2,4,2,1,4,3,1,4,1,2,4,1,1,4,4,2,3,3,2,3,2,4,4,4,1,2,1,3,2,4,4,3,2,1,1,4,2,1,4,3,4,4,4,3,4,2,4,4,2,4,2,2,3,2,2,4,2,1,2,4,1,3,1,3,4,2,1,4,2,1,2,4,2,3,1,4,4,1,1,4,4,1,2,3,3,
11,85,source_calc_gen_5_ind_85.inp,0.12168180304884597,N/A,0.0,0.0,3,0.0,41,31,67,N/A,1,4,3,3,1,3,2,2,4,2,3,4,3,1,4,2,2,4,4,1,2,4,1,2,1,1,1,4,4,4,4,1,2,2,3,4,1,4,4,1,2,4,2,1,1,4,1,1,1,4,2,1,4,2,3,2,3,4,2,2,4,4,2,4,1,2,4,2,3,2,3,1,4,3,2,2,1,3,4,4,2,3,2,4,4,1,4,4,4,2,4,1,3,2,4,1,3,1,1,1,4,2,2,2,2,1,1,1,1,4,2,4,2,2,1,2,2,4,2,2,4,2,1,2,2,2,4,1,3,4,1,1,4,2,4,2,4,4,1,1,4,4,1,1,3,2,1,2,2,1,
11,86,source_calc_gen_5_ind_86.inp,0.5923690286169248,N/A,0.0,0.0,3,0.0,39,73,29,N/A,4,2,3,3,4,3,1,2,4,1,1,1,4,3,4,2,2,1,1,1,1,2,3,3,2,4,1,1,4,4,4,2,4,1,2,4,1,4,4,1,2,2,2,1,1,4,1,1,2,4,2,1,4,3,2,3,3,4,1,2,2,4,3,1,1,2,4,2,1,4,2,3,4,1,2,3,1,1,2,4,2,3,3,4,3,2,1,4,4,1,2,1,2,2,4,4,3,2,1,1,4,4,2,2,3,4,2,1,1,4,2,4,4,2,4,2,3,3,2,2,2,2,4,2,4,1,2,1,4,4,2,4,4,3,1,2,4,2,1,2,4,4,1,1,3,2,4,2,2,1,
11,87,source_calc_gen_5_ind_87.inp,0.6453915634353778,N/A,0.0,0.0,3,0.0,36,31,0,N/A,2,4,2,2,3,1,1,1,1,2,1,4,1,1,3,4,1,2,3,2,2,2,1,2,4,3,1,4,4,2,4,4,4,1,1,3,1,4,4,4,2,4,2,4,1,3,2,1,4,4,4,3,3,2,3,2,3,2,2,2,4,1,2,2,4,2,4,2,2,4,2,3,4,3,2,4,4,2,3,2,3,2,2,4,1,1,4,2,4,4,3,2,3,4,1,2,3,2,1,2,4,4,1,1,2,1,3,1,4,2,2,4,2,2,3,2,1,4,2,2,1,2,4,1,4,2,4,1,1,1,3,1,4,4,1,1,4,4,1,1,2,2,2,4,4,2,1,3,2,2,
11,88,source_calc_gen_5_ind_88.inp,0.4769221172328698,N/A,0.0,0.0,3,0.0,36,31,0,N/A,2,4,2,4,1,1,1,1,3,2,2,4,3,1,4,2,2,2,2,2,2,4,1,2,3,2,1,2,4,4,4,4,4,1,1,3,1,3,4,1,2,4,2,1,1,1,4,1,1,4,2,3,2,2,3,2,4,2,2,2,2,4,1,4,4,2,4,2,4,4,4,3,4,2,2,2,2,2,4,3,3,3,1,4,2,1,2,4,1,1,4,2,2,1,1,2,1,2,3,3,4,4,1,3,2,1,4,3,4,3,4,1,2,2,3,2,2,4,4,4,4,2,3,4,4,2,4,1,2,1,1,2,2,4,4,4,4,1,1,1,2,2,2,1,4,2,1,2,2,1,
11,89,source_calc_gen_5_ind_89.inp,0.8017229473325674,N/A,0.0,0.0,3,0.0,38,0,29,N/A,3,4,2,2,3,1,2,4,1,2,3,4,4,3,4,4,2,1,2,2,1,4,1,1,2,3,1,2,2,4,1,4,4,2,2,3,2,2,1,1,2,4,1,4,1,1,1,1,2,4,4,3,4,3,2,1,3,4,2,1,1,4,1,4,3,2,4,2,4,4,1,2,4,1,1,4,1,1,2,2,2,3,3,4,1,2,4,4,4,4,2,1,2,2,4,4,3,2,2,4,2,4,1,3,2,1,2,4,1,4,2,1,4,4,3,4,4,3,2,3,1,1,2,2,4,3,4,1,4,4,2,4,4,1,4,4,4,4,1,2,2,4,1,4,2,2,1,2,1,2,
11,90,source_calc_gen_5_ind_90.inp,0.3728921774541055,N/A,0.0,0.0,3,0.0,32,67,31,N/A,1,4,2,3,1,3,1,2,2,2,2,1,3,4,3,2,2,3,1,1,3,1,1,2,2,2,1,4,4,4,4,1,2,2,1,4,2,4,4,1,2,4,2,1,1,4,4,1,1,4,2,1,1,2,3,2,3,2,3,4,3,1,4,4,4,3,4,2,3,2,3,1,4,3,2,2,4,1,4,4,3,3,3,2,4,2,4,4,4,2,4,1,3,3,4,1,3,1,2,2,4,2,1,4,3,3,3,3,1,4,2,4,2,4,4,2,2,4,2,2,4,2,1,2,2,2,4,1,3,4,2,1,4,4,3,2,4,2,1,1,4,4,1,2,3,4,2,2,2,3,
11,91,source_calc_gen_5_ind_91.inp,0.14669205119244214,N/A,0.0,0.0,3,0.0,43,0,31,N/A,1,4,2,2,1,1,3,1,1,2,1,4,3,1,3,2,1,2,2,2,2,1,1,1,4,2,1,4,2,1,4,1,2,2,1,3,1,4,2,1,2,4,1,4,2,3,2,1,1,4,4,3,4,1,4,2,3,2,2,1,4,4,1,2,4,2,4,2,3,4,4,3,4,4,3,1,4,2,4,4,2,1,1,4,2,2,4,4,4,4,4,2,1,4,1,1,2,1,1,2,2,4,1,3,2,1,2,3,4,2,4,1,2,2,4,4,2,4,4,2,1,2,4,4,2,2,4,1,3,4,1,2,2,1,2,4,2,4,3,1,2,4,2,1,1,2,1,3,1,2,
11,92,source_calc_gen_5_ind_92.inp,0.8854232005457048,N/A,0.0,0.0,3,0.0,39,67,0,N/A,2,4,3,3,1,1,2,4,4,2,3,4,3,1,3,4,2,1,2,1,2,2,4,2,2,2,1,2,2,4,4,4,2,2,2,4,2,4,4,4,2,4,1,1,1,1,2,3,1,4,2,3,2,1,4,2,3,4,1,2,2,4,4,2,2,2,4,2,3,4,2,1,4,1,2,3,1,2,2,4,2,3,3,4,1,1,4,4,2,1,3,2,2,2,1,2,1,1,1,1,1,4,3,1,4,2,2,4,1,4,2,1,2,3,4,2,1,4,2,2,4,1,4,1,4,2,4,1,1,4,2,2,4,1,1,4,4,2,1,1,4,4,1,4,4,4,4,3,1,2,
11,93,source_calc_gen_5_ind_93.inp,0.4881161414226396,N/A,0.0,0.0,3,0.0,32,31,29,N/A,1,4,2,4,1,3,2,1,4,2,2,3,4,1,4,2,1,4,4,1,2,4,1,2,4,2,3,4,2,4,4,1,2,2,3,4,1,4,4,4,2,4,2,1,2,4,2,1,1,3,2,4,4,3,2,3,3,4,2,2,4,1,4,4,4,2,3,2,1,4,1,2,4,2,1,2,4,1,4,4,2,3,3,4,4,2,4,2,4,1,2,1,3,2,1,1,3,4,1,2,4,3,1,2,3,1,2,4,1,2,2,4,2,4,4,2,2,3,2,2,4,2,4,4,2,2,4,1,3,4,2,1,4,2,1,2,4,4,1,1,4,4,2,1,4,2,1,2,2,3,
11,94,source_calc_gen_5_ind_94.inp,0.6600894698810789,N/A,0.0,0.0,3,0.0,41,31,73,N/A,4,2,2,4,1,3,1,1,2,2,1,1,4,1,4,2,1,4,4,1,1,1,1,3,2,2,1,3,4,4,2,2,2,1,4,3,1,2,4,2,2,4,3,1,4,4,1,1,3,1,4,3,4,3,3,2,3,2,2,2,4,1,1,1,4,2,4,2,1,4,2,1,4,1,2,1,3,1,4,4,2,3,3,1,3,4,4,4,4,1,3,1,4,2,1,4,3,2,3,1,4,4,1,4,2,1,3,4,1,4,2,4,2,2,4,2,3,3,2,3,2,2,1,1,3,1,4,1,3,4,2,1,4,4,4,2,4,4,1,2,4,4,1,4,4,2,4,2,2,4,
11,95,source_calc_gen_6_ind_95.inp,0.9664396456501342,N/A,0.0,0.0,3,0.0,35,31,73,N/A,4,2,4,3,4,3,1,2,2,1,2,4,4,1,3,2,1,1,3,1,2,4,3,2,2,2,1,4,3,4,4,2,2,2,2,4,1,4,4,2,1,4,3,1,1,4,1,1,1,1,2,1,4,2,2,3,3,2,3,2,4,1,1,4,4,2,4,2,1,4,4,1,4,1,2,2,4,1,4,4,3,3,3,4,2,4,4,1,4,2,4,1,2,2,4,4,3,2,3,1,4,4,1,4,3,1,2,3,4,2,2,4,4,2,4,2,3,3,1,2,4,2,4,4,4,2,2,1,1,4,1,4,4,2,4,4,1,4,1,2,4,4,2,1,4,2,1,2,2,4,
11,96,source_calc_gen_6_ind_96.inp,0.6373582457227956,N/A,0.0,0.0,3,0.0,48,31,0,N/A,1,4,2,2,3,1,1,4,3,3,1,4,3,1,4,2,1,4,4,2,2,4,1,2,4,2,1,1,2,1,4,4,1,1,2,3,2,4,4,4,1,4,1,3,2,1,1,1,1,1,2,3,4,1,3,2,4,1,2,2,4,1,1,4,4,2,4,2,4,4,4,1,4,2,1,4,1,2,4,2,4,3,2,4,2,1,2,4,2,2,4,1,2,4,1,1,3,1,1,1,2,2,1,1,2,2,2,4,4,2,4,1,2,3,2,2,1,4,4,2,1,2,4,2,4,2,4,1,3,1,1,2,2,3,4,2,1,4,1,2,4,4,3,1,1,1,1,3,3,1,
11,97,source_calc_gen_6_ind_97.inp,0.7056784363814612,N/A,0.0,0.0,3,0.0,35,29,31,N/A,1,4,2,4,4,3,1,2,2,2,2,4,4,1,4,2,2,4,4,1,1,4,1,2,4,2,1,4,4,4,4,2,2,2,2,3,1,4,4,1,2,4,2,1,2,4,1,2,2,4,2,1,4,3,3,2,3,4,2,2,1,1,1,2,4,2,4,1,3,4,1,1,4,3,2,2,1,1,4,4,2,3,4,4,4,2,1,4,4,3,1,1,2,3,4,1,3,2,1,1,4,3,3,3,3,2,2,1,1,2,2,4,4,3,4,2,3,3,2,2,2,2,4,2,4,2,4,1,3,1,2,1,4,4,4,2,1,2,1,2,4,4,2,3,4,2,1,2,2,1,
11,98,source_calc_gen_6_ind_98.inp,0.16087265540214496,N/A,0.0,0.0,3,0.0,37,31,0,N/A,2,4,2,4,3,1,1,1,1,2,2,4,3,1,3,4,1,4,2,2,3,3,1,1,4,2,1,4,2,4,1,1,4,1,1,3,1,4,4,1,1,3,2,1,1,4,1,1,1,4,2,3,2,3,3,2,4,2,2,2,4,4,2,4,4,2,4,2,3,4,4,1,4,3,4,4,2,2,2,2,4,3,1,4,1,2,2,4,2,2,4,2,3,2,1,2,3,2,1,3,2,3,1,3,2,1,2,3,4,2,2,4,2,2,4,2,1,4,4,2,4,2,4,4,4,3,4,1,1,4,1,2,2,4,4,2,4,1,1,1,4,2,3,3,4,2,1,2,1,2,
11,99,source_calc_gen_6_ind_99.inp,0.8881648359042634,N/A,0.0,0.0,3,0.0,36,73,0,N/A,1,4,2,3,4,2,3,4,1,1,1,1,1,1,3,2,2,1,1,2,2,2,1,3,2,2,1,3,2,4,4,2,4,1,2,3,1,4,4,2,2,4,1,1,1,2,1,1,3,4,4,3,4,1,4,3,4,2,1,1,2,1,2,3,1,2,4,2,4,4,2,3,2,2,2,4,1,2,2,4,2,3,2,1,4,4,2,3,3,4,3,2,2,4,1,4,1,2,3,4,4,4,1,3,3,2,2,4,3,2,2,4,2,2,4,4,1,3,4,2,2,1,4,3,4,4,4,1,2,4,3,4,2,2,2,2,4,2,1,2,1,2,1,4,1,2,4,3,1,4,
11,100,source_calc_gen_6_ind_100.inp,0.8393400935624716,N/A,0.0,0.0,3,0.0,37,67,73,N/A,4,4,3,3,4,1,2,2,4,1,2,4,3,4,4,2,2,1,1,1,3,1,1,3,2,1,1,1,4,4,4,2,4,2,4,4,2,4,4,2,2,2,2,1,1,4,1,1,1,1,2,1,4,3,2,2,3,4,1,2,2,1,1,4,1,2,4,4,3,4,3,1,4,1,2,4,4,1,2,4,2,3,3,1,4,4,2,2,4,3,2,1,3,2,4,1,3,1,3,1,4,4,1,4,3,1,2,4,3,4,2,4,4,2,4,2,2,3,2,2,3,3,4,3,4,1,2,2,2,4,2,4,4,2,1,2,4,2,2,2,2,4,1,1,4,2,1,2,2,1,
11,101,source_calc_gen_6_ind_101.inp,0.9294285640236156,N/A,0.0,0.0,3,0.0,36,29,73,N/A,3,4,1,3,4,3,1,1,2,1,1,1,4,3,4,2,2,1,1,1,1,1,2,2,2,4,1,1,4,4,4,2,3,2,2,4,1,3,4,2,2,2,2,1,1,2,1,1,2,4,2,4,4,3,2,3,4,4,1,2,2,4,1,1,1,2,4,2,1,4,1,1,4,1,2,4,1,4,2,4,2,3,3,4,4,2,4,4,4,4,2,4,2,2,4,4,2,2,1,1,4,4,2,2,2,4,2,4,1,4,2,4,4,2,4,2,3,3,1,2,2,2,1,2,4,2,4,1,2,4,2,4,4,2,1,2,2,2,1,2,4,4,2,1,3,2,4,2,2,4,
11,102,source_calc_gen_6_ind_102.inp,0.7658957943317675,N/A,0.0,0.0,3,0.0,40,67,0,N/A,2,4,3,3,2,1,2,2,1,2,3,4,1,1,4,4,2,2,4,3,3,2,1,1,3,3,1,4,2,4,4,2,4,1,3,4,2,4,4,4,2,4,2,1,1,1,1,1,1,4,4,3,4,2,1,2,4,2,1,2,1,4,3,4,1,2,4,2,4,1,2,3,4,3,2,4,2,2,1,2,2,1,3,1,1,1,1,2,4,1,3,2,3,2,4,1,4,2,1,3,2,4,2,2,3,2,2,4,4,4,2,1,2,2,4,2,1,3,4,2,4,2,4,2,2,2,3,1,1,3,2,4,2,1,4,2,4,1,1,1,2,4,3,1,1,4,1,3,3,1,
11,103,source_calc_gen_6_ind_103.inp,0.6949091170395213,N/A,0.0,0.0,3,0.0,42,31,67,N/A,1,4,2,4,1,3,1,2,4,2,4,4,3,4,3,2,2,1,1,1,2,1,1,4,2,2,1,4,4,4,4,1,3,2,1,3,1,4,4,2,1,4,2,1,2,4,1,1,1,4,2,1,4,2,3,4,3,4,1,2,1,4,4,4,1,2,4,2,1,4,3,1,4,3,2,2,1,1,4,4,2,3,3,2,2,2,4,4,4,2,2,1,3,2,4,3,3,1,1,2,4,2,1,2,3,1,2,4,1,4,2,4,2,2,4,2,2,3,2,2,2,2,1,4,2,1,4,1,3,1,1,1,4,2,4,2,1,4,1,1,4,4,2,1,3,2,1,2,2,2,
11,104,source_calc_gen_6_ind_104.inp,0.17288344335661068,N/A,0.0,0.0,3,0.0,39,31,0,N/A,1,4,2,4,3,4,3,1,3,2,1,4,2,1,4,4,1,1,2,1,2,2,1,1,4,2,1,2,4,4,2,4,4,1,2,3,2,4,4,1,1,4,2,4,1,1,2,1,2,4,4,3,2,2,1,2,4,2,3,2,2,1,1,4,4,2,4,2,4,4,4,3,4,3,1,2,2,2,1,4,4,1,2,4,2,2,2,2,2,4,4,1,2,2,4,1,3,1,1,4,4,2,1,1,2,1,3,4,4,3,1,4,2,2,4,2,2,2,4,2,4,2,4,3,2,2,4,3,1,4,3,1,2,1,4,1,4,2,1,1,4,4,2,4,1,2,1,2,2,1,
11,105,source_calc_gen_6_ind_105.inp,0.3151731555619339,N/A,0.0,0.0,3,0.0,35,29,31,N/A,1,4,4,2,4,3,1,2,3,2,4,4,3,3,4,2,2,4,1,1,2,1,1,3,2,2,1,4,2,4,3,2,2,2,1,4,1,2,4,4,1,4,2,1,1,3,4,1,2,4,2,1,4,3,4,2,3,4,1,2,4,1,1,1,1,4,4,2,1,3,4,2,4,1,2,2,4,2,4,4,2,2,2,4,4,2,4,4,4,2,2,1,4,2,4,4,3,2,1,2,4,2,1,3,2,1,3,1,1,2,2,4,3,2,4,2,3,3,2,2,4,2,1,2,2,2,1,1,3,1,2,4,4,4,1,2,4,2,1,2,4,4,2,1,3,2,4,2,2,1,
11,106,source_calc_gen_6_ind_106.inp,0.13854911508418283,N/A,0.0,0.0,3,0.0,35,29,73,N/A,1,4,1,3,4,3,2,2,4,1,3,1,4,3,4,2,2,1,1,1,1,1,2,3,2,4,1,1,2,4,4,2,4,4,2,4,1,3,4,2,2,2,2,2,3,4,1,3,2,4,4,1,4,3,2,3,3,4,2,2,2,1,3,2,1,2,4,2,1,4,1,1,4,1,2,2,1,1,2,4,2,2,3,1,4,2,4,4,4,1,2,1,1,2,1,4,2,2,3,1,4,4,1,4,3,4,2,4,3,4,2,4,4,4,4,2,3,3,1,2,2,2,1,3,4,2,4,4,2,4,2,4,4,2,1,2,4,2,1,2,4,4,1,4,4,2,4,2,3,1,
11,107,source_calc_gen_6_ind_107.inp,0.8234157649477407,N/A,0.0,0.0,3,0.0,45,73,67,N/A,4,4,1,3,2,3,1,4,2,2,3,4,3,4,4,2,2,1,1,1,3,1,1,3,2,1,1,4,4,4,4,2,2,1,1,4,3,4,4,2,3,2,2,1,1,4,1,1,3,1,2,1,4,2,4,3,3,4,1,2,1,1,1,1,1,2,1,2,1,1,3,1,4,1,2,2,1,1,2,4,2,3,3,1,3,2,4,4,4,1,2,1,3,2,4,4,3,1,3,1,4,4,1,2,3,4,2,1,1,4,2,4,4,4,4,2,1,2,2,2,2,2,1,3,4,1,4,1,3,4,2,4,4,2,1,2,4,2,3,2,4,4,1,1,2,4,4,2,2,4,
11,108,source_calc_gen_6_ind_108.inp,0.40747742470304704,N/A,0.0,0.0,3,0.0,52,67,0,N/A,4,4,3,3,3,1,3,2,1,2,3,4,3,4,4,4,2,1,2,2,3,2,1,1,2,2,1,1,2,3,1,2,4,2,1,4,2,4,4,2,1,4,2,1,1,1,4,1,1,4,2,1,4,1,3,2,4,2,1,1,1,4,2,4,1,2,4,2,4,1,2,1,4,1,2,2,2,2,4,4,2,1,1,4,1,1,4,2,2,4,1,1,2,4,4,1,1,1,1,1,4,4,1,1,3,1,2,4,4,2,2,1,2,4,4,4,1,4,4,2,4,1,4,2,3,2,3,1,1,4,2,2,1,1,4,2,1,1,1,1,2,4,3,4,1,2,1,3,1,2,
11,109,source_calc_gen_6_ind_109.inp,0.22497154714989848,N/A,0.0,0.0,3,0.0,39,73,29,N/A,4,4,3,3,4,2,2,2,2,1,3,1,4,4,4,2,2,1,1,1,1,1,3,2,2,4,1,1,2,4,4,2,4,1,4,4,1,3,4,2,2,2,2,1,1,1,3,1,1,1,2,1,4,3,2,3,3,4,1,2,2,1,1,1,1,2,4,2,2,4,1,1,4,1,2,2,1,1,2,4,2,2,3,4,4,2,2,4,4,1,2,1,2,2,2,4,3,2,3,1,4,4,1,4,3,4,2,4,3,4,3,4,2,4,2,2,3,3,2,2,4,2,1,3,4,1,2,1,2,4,2,1,4,2,1,2,4,2,1,2,4,4,2,4,4,2,4,4,2,1,
11,110,source_calc_gen_7_ind_110.inp,0.1803469861948021,N/A,0.0,0.0,3,0.0,39,0,31,N/A,2,4,1,4,4,1,3,4,3,2,2,4,3,1,4,4,1,2,4,2,2,2,1,1,2,2,1,4,4,4,1,4,4,1,2,3,1,4,1,4,2,4,2,1,2,4,2,1,1,4,4,3,4,1,4,2,4,2,2,1,4,1,1,2,4,2,4,1,3,4,2,3,4,3,1,4,4,2,2,4,2,3,1,4,2,2,4,2,2,2,4,2,3,2,4,2,1,3,1,4,2,2,1,1,2,1,3,3,1,2,2,4,1,2,4,2,2,4,1,2,1,4,2,4,2,2,1,2,3,1,1,1,4,3,4,4,4,4,1,1,4,4,2,4,1,2,3,2,1,1,
11,111,source_calc_gen_7_ind_111.inp,0.5429858806090669,N/A,0.0,0.0,3,0.0,38,67,29,N/A,4,4,3,3,4,3,2,2,4,2,3,4,3,4,4,2,2,1,1,1,1,1,1,2,2,4,1,4,2,4,4,2,4,2,2,4,1,2,4,2,2,4,2,1,1,4,3,1,1,4,2,2,4,3,3,3,3,4,1,2,1,4,4,4,1,3,4,2,1,4,3,2,4,1,1,2,3,1,2,4,2,3,3,2,4,2,4,4,4,1,2,1,3,2,4,4,3,1,1,1,4,3,1,2,3,1,2,1,1,4,2,4,2,4,3,2,3,3,2,2,3,2,1,1,1,3,3,1,4,4,2,1,4,2,1,1,4,2,1,1,4,2,1,2,3,2,4,2,2,4,
11,112,source_calc_gen_7_ind_112.inp,0.9663939921989956,N/A,0.0,0.0,3,0.0,37,67,0,N/A,1,4,2,2,1,1,3,4,4,2,1,4,2,1,4,2,2,2,2,1,3,2,1,1,2,2,1,2,2,4,4,4,4,1,1,3,4,4,4,4,2,4,1,3,1,4,2,4,1,1,2,4,4,1,3,1,3,2,2,2,2,4,4,4,1,2,4,2,4,4,2,1,4,2,2,2,2,4,4,2,2,1,1,2,4,2,2,4,4,2,2,1,3,4,4,1,1,3,3,1,4,4,1,2,4,2,2,1,1,4,2,4,2,4,4,2,2,3,4,2,1,1,1,2,2,2,3,1,1,4,2,2,2,2,4,4,4,2,1,1,2,2,3,4,1,2,2,2,3,1,
11,113,source_calc_gen_7_ind_113.inp,0.5800853368163904,N/A,0.0,0.0,3,0.0,44,0,73,N/A,2,4,2,3,4,2,1,4,4,1,1,1,4,1,4,2,2,1,1,4,1,1,1,3,2,4,1,1,2,4,1,1,4,4,4,1,2,3,4,4,2,4,1,1,1,3,1,1,3,4,2,1,2,3,4,2,3,4,1,3,3,1,3,2,1,2,4,3,2,4,1,3,4,1,1,4,2,1,2,4,2,3,3,1,3,1,4,4,2,1,2,1,2,2,1,4,3,2,1,4,2,4,1,1,2,2,2,4,3,2,4,4,2,2,2,2,3,3,1,2,2,1,1,1,4,2,4,1,2,3,2,2,2,2,2,2,4,2,1,4,2,4,1,4,1,4,4,2,2,2,
11,114,source_calc_gen_7_ind_114.inp,0.13633671526039456,N/A,0.0,0.0,3,0.0,44,0,67,N/A,2,4,2,2,1,3,3,2,1,2,1,4,3,4,4,2,2,1,2,2,3,2,1,1,3,1,1,2,4,4,3,4,2,2,3,4,2,4,4,4,2,4,2,1,1,4,1,1,1,4,4,1,2,2,4,2,3,2,2,1,2,4,4,2,1,2,4,4,1,2,2,3,4,1,1,2,1,1,4,2,2,1,3,4,4,1,4,4,4,1,3,2,3,2,4,2,1,3,1,1,4,2,1,1,2,2,2,1,1,2,2,4,2,4,3,2,1,3,4,2,1,2,4,1,2,2,3,2,3,4,2,1,2,1,4,1,4,1,1,1,4,2,3,1,3,4,1,2,1,1,
11,115,source_calc_gen_7_ind_115.inp,0.33343515394812195,N/A,0.0,0.0,3,0.0,42,31,67,N/A,1,4,2,4,1,3,2,4,4,2,2,4,3,4,4,4,2,1,3,1,2,1,1,2,2,1,1,4,4,4,4,1,2,2,1,2,1,4,4,1,1,3,2,1,1,4,1,1,1,4,2,1,4,2,3,2,3,4,4,2,1,1,4,4,1,2,4,2,3,4,4,1,4,1,2,2,1,1,4,4,3,3,3,2,4,2,4,4,4,1,2,1,3,2,4,1,3,1,1,1,4,2,1,3,2,2,2,3,1,4,4,4,2,1,4,2,2,3,4,2,4,2,3,4,2,2,3,3,3,4,2,1,4,2,4,2,4,2,1,1,4,4,1,1,3,2,1,2,2,1,
11,116,source_calc_gen_7_ind_116.inp,0.6147522213252962,N/A,0.0,0.0,3,0.0,37,29,31,N/A,1,4,2,3,4,1,2,2,4,2,2,1,2,3,4,2,2,4,1,1,1,4,1,2,4,4,1,1,2,4,4,1,4,2,1,3,1,2,3,2,2,4,2,4,1,4,1,1,2,4,2,3,4,3,2,3,3,4,1,2,1,4,1,1,1,2,4,2,1,4,4,2,4,3,2,2,4,2,2,4,2,3,2,4,4,2,4,4,4,2,2,1,3,2,4,1,2,1,1,2,4,4,1,3,3,1,3,3,1,4,2,4,4,2,4,2,3,4,2,2,4,2,1,4,4,2,4,1,3,1,2,1,4,2,1,2,3,4,1,1,4,4,1,3,4,2,1,2,2,2,
11,117,source_calc_gen_7_ind_117.inp,0.2593282758103608,N/A,0.0,0.0,3,0.0,44,29,31,N/A,1,4,2,3,1,1,1,2,3,1,2,1,3,1,4,2,2,4,4,1,1,4,2,2,2,2,1,4,4,2,4,1,2,2,1,3,1,4,4,2,2,3,2,1,1,4,1,1,1,4,2,4,3,2,3,1,3,4,1,2,1,1,1,1,4,2,4,2,1,4,1,2,4,3,2,2,4,2,4,4,2,3,2,4,2,3,1,4,4,2,2,1,3,2,4,1,3,1,1,1,4,3,1,4,2,1,2,1,1,2,2,4,2,2,4,2,4,3,2,2,4,2,4,4,4,2,2,1,4,2,2,1,4,2,4,2,1,4,1,1,4,4,2,1,3,2,1,2,2,1,
11,118,source_calc_gen_7_ind_118.inp,0.3942169223134323,N/A,0.0,0.0,3,0.0,40,73,31,N/A,1,2,3,4,4,3,1,2,2,2,1,1,3,1,1,2,1,1,4,1,1,4,3,2,4,4,1,4,4,2,4,1,4,1,1,4,1,4,2,1,1,4,2,1,2,4,1,4,3,4,2,2,4,2,2,3,3,2,2,2,4,2,1,4,4,2,4,2,1,4,1,3,4,4,2,3,4,1,2,4,3,3,3,3,3,3,4,4,4,2,2,1,3,2,1,4,3,1,3,2,4,4,1,4,2,1,3,2,1,4,4,4,2,2,4,2,1,1,2,2,3,2,4,4,4,1,4,1,2,1,2,1,4,4,4,2,1,4,1,4,4,4,2,1,4,2,1,2,2,1,
11,119,source_calc_gen_7_ind_119.inp,0.8978244265399821,N/A,0.0,0.0,3,0.0,37,73,29,N/A,3,2,3,3,4,3,1,2,2,2,1,1,4,3,4,2,2,1,1,1,1,1,3,3,2,4,1,2,4,4,4,4,4,4,2,4,1,3,4,2,2,2,2,4,1,4,3,1,3,4,2,1,4,3,2,2,3,4,1,2,2,4,1,1,1,2,4,2,1,4,1,2,4,1,2,2,1,1,4,4,2,3,3,4,3,2,4,4,4,1,2,1,2,3,1,4,3,2,3,1,4,3,3,2,3,1,2,1,3,4,2,4,4,4,4,2,1,3,1,2,2,2,1,4,4,4,4,1,4,2,2,4,4,2,1,2,4,2,1,2,4,4,1,1,3,2,3,2,2,1,
11,120,source_calc_gen_7_ind_120.inp,0.8319421352086909,N/A,0.0,0.0,3,0.0,40,29,0,N/A,3,4,2,3,3,3,3,2,1,1,1,4,4,3,4,2,2,2,2,2,2,2,2,1,2,1,1,2,2,4,1,2,4,1,2,4,1,2,4,2,2,2,2,1,1,1,2,1,4,4,4,1,2,3,2,3,4,2,1,1,2,4,2,1,4,2,4,2,4,4,1,3,4,1,2,4,1,1,2,4,2,3,3,4,4,1,4,1,3,1,3,1,2,2,4,4,3,2,1,4,2,4,1,1,3,1,2,4,4,4,4,4,2,4,4,4,3,3,4,2,1,1,4,2,4,2,4,1,1,4,2,4,1,1,1,2,4,2,1,1,2,4,1,3,3,2,4,3,2,1,
11,121,source_calc_gen_7_ind_121.inp,0.7007132406052823,N/A,0.0,0.0,3,0.0,35,31,29,N/A,1,4,3,3,4,1,1,2,3,1,2,4,4,1,3,2,1,4,4,1,1,4,2,2,4,2,1,1,4,4,4,1,4,2,2,3,1,2,4,2,1,4,2,1,2,4,1,3,2,4,2,1,4,3,3,3,3,2,1,2,4,4,1,4,4,2,2,2,1,4,4,2,4,3,2,2,4,1,2,4,3,3,3,2,4,2,4,4,4,1,4,4,2,2,4,4,3,2,1,1,4,2,2,2,2,1,3,3,1,4,2,4,4,4,4,2,2,3,2,1,4,2,1,4,2,3,4,1,1,4,2,4,4,2,1,2,4,2,1,1,4,4,1,1,2,2,4,2,2,1,
11,122,source_calc_gen_7_ind_122.inp,0.4012643538082302,N/A,0.0,0.0,3,0.0,47,73,31,N/A,4,2,1,3,4,3,1,2,3,1,1,1,4,4,3,2,4,1,1,1,2,1,3,2,4,2,1,1,4,4,1,1,4,2,1,3,1,4,2,4,1,2,2,1,2,4,1,1,1,4,2,3,4,2,3,4,3,4,2,3,4,1,1,4,1,2,3,3,3,4,1,1,4,3,2,2,1,1,2,4,2,3,3,1,2,4,4,4,4,2,2,1,3,2,1,4,3,2,3,2,3,2,1,2,3,1,2,3,1,4,2,4,2,2,1,2,3,4,1,2,4,1,4,3,4,1,4,1,1,1,1,1,4,4,2,1,4,4,1,1,4,4,2,1,4,2,4,2,2,1,
11,123,source_calc_gen_7_ind_123.inp,0.8825195813186894,N/A,0.0,0.0,3,0.0,41,31,73,N/A,4,2,2,2,4,1,1,2,3,2,2,4,4,1,3,1,1,1,4,1,4,4,3,4,4,4,1,4,4,4,4,1,4,1,4,4,1,4,4,1,1,4,2,1,1,4,1,1,1,4,2,1,4,3,3,3,3,2,1,2,4,1,1,4,4,2,4,2,3,4,1,1,4,4,2,4,3,2,4,4,2,3,2,1,2,4,4,4,2,1,4,1,3,2,4,2,3,1,3,1,4,3,1,3,2,4,3,4,1,2,2,1,2,2,4,2,2,4,1,2,2,2,1,3,4,1,4,1,2,1,3,4,4,4,2,3,4,4,1,2,4,4,1,1,1,2,4,2,2,4,
11,124,source_calc_gen_7_ind_124.inp,0.8195118404872976,N/A,0.0,0.0,3,0.0,41,73,29,N/A,1,2,3,2,4,3,2,2,4,1,3,1,4,3,4,2,2,1,1,1,1,1,3,3,2,4,1,3,4,4,4,2,4,2,2,4,1,3,4,2,2,4,2,1,1,2,4,1,3,1,2,1,4,3,2,3,3,4,1,2,1,1,1,1,1,2,4,2,1,4,1,2,1,1,2,4,1,1,2,3,2,3,3,4,3,4,4,4,4,3,3,1,2,2,1,4,3,2,3,1,4,4,1,2,3,4,2,1,1,4,2,4,4,4,4,2,3,3,1,2,4,2,1,3,4,2,2,1,4,1,2,4,4,2,1,2,4,2,1,2,4,4,1,1,3,2,4,2,2,4,
11,125,source_calc_gen_8_ind_125.inp,0.9701732729310796,N/A,0.0,0.0,3,0.0,38,67,0,N/A,2,4,2,2,3,1,3,2,1,2,3,4,2,4,4,4,2,1,1,2,3,1,1,1,2,3,1,4,2,4,4,2,2,2,1,4,2,4,4,2,2,4,2,4,1,4,2,1,3,4,4,1,4,1,3,3,3,4,1,2,1,4,2,4,2,3,4,2,1,4,2,3,4,2,1,2,1,2,2,4,2,3,1,4,3,1,2,4,4,4,3,2,3,2,1,2,1,1,1,1,4,4,1,2,3,1,2,4,1,2,4,1,2,4,4,2,4,3,4,2,4,2,3,2,2,2,1,1,3,4,3,1,2,1,4,4,4,2,1,1,4,4,1,1,3,2,1,3,2,2,
11,126,source_calc_gen_8_ind_126.inp,0.14488346340028543,N/A,0.0,0.0,3,0.0,48,67,0,N/A,1,4,4,2,1,1,3,2,4,2,3,4,3,1,4,2,2,2,2,3,1,2,1,1,2,2,1,4,2,4,1,4,4,2,1,4,2,4,4,4,2,4,1,1,1,1,2,1,1,4,2,1,4,1,3,2,4,2,2,2,2,4,2,3,1,2,4,2,1,4,2,1,4,1,1,4,1,1,2,2,2,4,1,2,4,1,4,4,4,1,3,1,2,2,4,2,1,4,3,1,4,2,1,1,3,2,2,1,1,4,2,1,2,1,3,4,1,3,2,2,4,2,1,1,4,2,4,1,3,4,2,2,2,1,4,4,4,2,1,1,1,4,3,4,1,2,1,3,3,1,
11,127,source_calc_gen_8_ind_127.inp,0.8846287620128193,N/A,0.0,0.0,3,0.0,41,31,29,N/A,1,4,2,3,4,1,2,1,3,2,3,1,3,1,3,2,3,1,1,1,2,3,2,2,4,2,1,4,2,2,4,1,2,2,1,3,1,4,4,1,2,4,2,1,2,4,1,1,1,4,1,1,4,2,3,2,3,4,2,2,1,1,1,1,1,2,4,2,4,4,4,2,4,1,2,2,2,1,3,4,2,3,2,4,2,2,4,4,4,2,2,4,2,2,4,4,3,2,1,2,4,2,1,1,2,1,2,1,1,2,2,4,1,2,4,2,2,4,3,2,4,2,4,4,4,3,4,1,3,1,1,1,4,4,3,2,4,2,1,1,4,4,2,1,4,2,1,4,2,3,
11,128,source_calc_gen_8_ind_128.inp,0.3267415798383839,N/A,0.0,0.0,3,0.0,38,0,73,N/A,2,1,2,3,4,1,3,4,1,2,1,4,2,4,4,4,2,4,1,3,2,2,1,1,2,2,1,1,4,4,4,2,4,1,2,3,1,4,4,4,2,4,2,4,1,4,2,1,4,4,4,1,2,3,4,2,4,4,1,2,3,1,2,1,4,2,4,2,4,4,1,1,4,1,1,4,2,2,2,2,2,1,1,3,4,1,4,2,2,1,2,1,2,4,3,3,3,2,1,1,4,4,2,4,3,4,2,4,4,4,4,4,3,2,3,4,1,4,4,2,2,1,4,3,4,1,4,1,1,4,3,4,1,1,2,2,4,2,1,2,2,4,3,4,4,2,1,3,1,4,
11,129,source_calc_gen_8_ind_129.inp,0.4292586099521103,N/A,0.0,0.0,3,0.0,37,31,0,N/A,2,1,2,4,1,1,3,4,3,2,1,4,2,1,4,2,2,2,4,1,2,4,2,2,2,4,1,2,2,4,4,4,2,2,2,3,2,4,1,4,3,4,1,4,1,1,2,1,4,4,3,3,2,1,4,1,4,2,4,1,2,2,1,3,4,2,1,2,3,4,2,1,4,2,2,2,4,2,2,2,2,3,2,4,1,2,3,4,2,2,4,4,2,4,4,2,1,1,1,2,4,2,1,3,2,2,3,3,1,2,4,4,2,3,4,2,1,4,2,2,1,1,4,3,4,2,4,1,4,1,3,1,2,4,4,2,4,1,1,1,2,2,1,1,4,2,4,2,1,1,
11,130,source_calc_gen_8_ind_130.inp,0.8691645815729421,N/A,0.0,0.0,3,0.0,46,31,67,N/A,1,1,2,4,2,3,2,1,3,2,3,4,3,1,4,2,1,1,1,1,3,4,2,2,4,1,1,4,1,4,4,2,2,2,1,4,1,1,4,1,2,4,2,1,2,4,1,1,1,4,4,1,4,1,3,2,3,2,2,2,1,1,4,4,2,2,4,4,1,4,4,1,4,3,2,2,4,2,4,4,2,3,4,2,2,2,4,4,4,1,4,1,3,2,1,1,3,1,1,4,4,2,1,3,2,1,2,1,4,2,2,4,2,4,4,2,2,4,2,2,4,2,1,2,2,2,1,1,2,1,1,1,4,2,1,2,4,2,1,4,1,1,2,1,3,3,3,2,3,1,
11,131,source_calc_gen_8_ind_131.inp,0.3279646908115065,N/A,0.0,0.0,3,0.0,47,73,29,N/A,1,2,1,3,4,3,1,2,2,1,3,1,4,4,4,2,2,1,1,1,3,1,2,3,2,4,1,1,2,4,4,4,3,1,4,3,1,2,4,2,2,1,2,1,1,4,1,1,3,4,2,1,4,3,3,3,3,4,1,2,2,1,1,1,1,2,4,2,1,4,1,2,4,1,2,4,1,1,2,1,2,3,1,1,3,4,3,4,4,1,2,1,2,2,1,4,3,4,3,1,4,4,1,2,3,1,2,4,1,4,2,4,4,2,4,2,1,3,1,2,4,2,1,3,4,2,4,1,2,4,2,4,4,2,1,2,4,3,1,2,4,4,1,3,2,2,4,2,2,1,
11,132,source_calc_gen_8_ind_132.inp,0.644534789156898,N/A,0.0,0.0,3,0.0,34,0,73,N/A,2,2,2,2,4,3,1,4,1,4,1,4,4,1,4,4,2,2,2,2,3,1,1,3,3,4,1,1,4,4,4,4,4,2,4,4,2,4,4,2,2,4,1,4,1,1,1,1,3,1,4,2,4,1,2,3,4,4,2,2,2,1,1,1,4,2,4,2,1,4,1,3,4,2,2,4,2,2,2,4,2,3,1,4,1,4,4,2,2,4,3,1,3,4,1,4,3,2,3,4,2,4,1,3,2,4,2,4,3,4,2,4,4,3,3,2,4,3,4,2,1,1,4,3,4,2,3,1,1,3,3,2,4,2,2,2,2,2,1,2,2,2,1,1,3,2,1,3,1,4,
11,133,source_calc_gen_8_ind_133.inp,0.43059966436667385,N/A,0.0,0.0,3,0.0,43,73,31,N/A,1,4,2,3,1,2,1,2,2,1,1,4,3,1,4,2,2,1,4,1,1,4,1,2,4,4,1,1,4,4,4,4,2,2,1,4,1,3,4,2,2,2,2,1,2,4,1,1,3,1,2,1,4,3,2,2,3,4,1,2,2,1,3,1,4,2,4,2,1,3,1,1,4,1,2,3,4,4,4,4,3,3,2,1,3,1,4,4,4,2,4,1,2,2,4,2,3,1,1,1,4,4,1,1,3,4,3,4,1,2,2,4,2,2,4,4,2,4,2,2,2,2,4,4,2,1,4,1,3,4,2,4,3,3,2,2,2,4,1,1,4,4,1,1,4,2,1,2,2,1,
11,134,source_calc_gen_8_ind_134.inp,0.8537801982108343,N/A,0.0,0.0,3,0.0,45,31,67,N/A,1,4,2,4,1,1,1,1,3,2,3,4,3,1,4,2,1,4,3,1,2,4,1,2,2,1,1,4,1,4,4,1,2,2,1,3,1,4,4,1,2,4,2,1,2,4,1,1,3,4,2,1,4,3,3,2,4,2,2,2,4,1,1,2,4,2,4,2,1,4,4,1,2,1,2,2,1,1,4,4,2,2,2,2,4,2,4,3,4,1,2,3,3,2,4,1,3,1,1,2,4,2,1,3,2,1,3,1,1,2,2,4,2,4,4,2,2,4,2,1,4,2,1,4,4,2,4,1,3,4,2,1,4,2,1,2,4,2,1,1,4,4,2,1,3,2,1,2,3,1,
11,135,source_calc_gen_8_ind_135.inp,0.8080255719743633,N/A,0.0,0.0,3,0.0,38,29,0,N/A,2,4,3,2,3,3,3,3,1,1,1,1,4,1,4,4,2,1,1,2,1,1,4,2,2,2,1,1,2,4,4,4,4,2,2,1,2,2,4,2,2,4,2,1,1,4,2,1,2,4,4,3,4,1,2,3,3,4,2,2,2,4,2,1,1,2,1,2,1,4,2,2,4,4,2,4,1,1,2,4,2,3,3,4,1,1,2,4,2,4,3,1,2,2,1,4,3,2,1,4,2,4,1,1,2,1,2,1,3,2,4,4,2,3,3,2,3,3,2,2,1,2,1,2,4,2,4,1,1,4,4,2,4,2,4,4,4,2,1,2,4,2,1,4,3,2,4,2,2,1,
11,136,source_calc_gen_8_ind_136.inp,0.8640719227020512,N/A,0.0,0.0,3,0.0,34,31,0,N/A,2,4,2,4,3,3,3,4,3,2,1,4,4,1,4,4,1,4,4,2,2,2,1,1,2,2,1,4,4,4,4,4,4,1,2,3,1,4,4,4,3,4,2,4,1,4,1,4,1,4,2,1,4,1,4,3,3,2,2,2,4,1,1,4,4,2,4,2,2,4,2,3,4,4,2,2,4,2,2,4,2,1,2,4,1,2,2,2,4,4,3,2,3,3,4,1,3,1,1,2,2,2,1,1,2,2,2,4,1,2,1,1,2,2,4,4,2,4,4,2,1,4,3,1,4,2,4,1,1,4,3,1,2,4,4,2,4,1,1,1,2,2,4,4,4,2,1,3,2,2,
11,137,source_calc_gen_8_ind_137.inp,0.1245796899491121,N/A,0.0,0.0,3,0.0,38,73,29,N/A,1,4,3,3,4,4,2,2,4,1,1,1,4,4,4,4,2,4,2,1,1,1,2,2,2,4,1,2,4,4,4,2,4,1,2,4,1,2,4,2,2,2,2,1,1,4,1,2,3,4,2,1,4,3,2,3,3,4,1,2,1,2,1,1,1,2,4,2,1,4,1,2,4,1,2,4,1,1,2,4,2,3,3,1,4,4,4,4,4,1,2,1,2,2,1,4,3,2,3,1,4,4,1,1,2,4,2,1,3,4,2,4,4,2,4,2,3,4,2,2,4,2,1,3,4,2,2,1,2,4,2,2,4,2,2,2,4,2,1,2,2,4,1,1,4,2,4,2,2,1,
11,138,source_calc_gen_8_ind_138.inp,0.2303778900276584,N/A,0.0,0.0,3,0.0,42,29,67,N/A,2,4,3,3,4,3,2,2,4,2,3,4,4,3,4,2,2,1,1,1,1,1,2,2,2,1,1,1,4,4,4,2,4,2,1,4,1,4,4,2,2,4,2,1,1,4,1,1,1,4,2,1,4,3,3,2,3,4,1,1,1,4,1,1,1,2,4,2,2,4,1,2,4,1,2,2,1,1,2,4,2,3,3,4,4,2,4,4,4,1,2,1,3,2,4,4,3,2,1,1,4,2,1,4,3,1,2,2,1,4,2,3,2,4,4,2,2,3,2,2,4,2,1,2,4,2,4,1,2,4,2,1,4,2,1,2,4,2,3,1,1,4,1,1,3,4,4,2,2,1,
11,139,source_calc_gen_8_ind_139.inp,0.26624947620035416,N/A,0.0,0.0,3,0.0,44,29,31,N/A,1,4,2,3,2,1,1,2,3,1,3,4,2,3,4,2,1,4,4,1,2,1,1,2,4,2,1,1,2,4,4,1,4,1,2,4,1,2,4,1,2,4,2,1,1,4,1,1,1,4,3,1,4,2,2,2,3,2,2,2,4,1,3,1,1,2,4,2,1,4,1,1,4,3,2,2,1,2,2,4,3,1,2,4,2,2,4,4,4,2,2,1,3,2,4,1,3,1,4,2,4,2,1,2,3,1,3,1,1,4,2,4,2,2,4,2,3,3,2,2,4,3,2,2,2,2,4,1,4,1,1,1,4,4,4,3,1,1,1,1,4,4,2,3,4,2,2,2,4,1,
11,140,source_calc_gen_9_ind_140.inp,0.36373553822257254,N/A,0.0,0.0,3,0.0,40,73,0,N/A,2,2,1,3,4,3,3,2,1,1,1,1,4,4,4,2,2,2,2,2,2,2,1,3,2,2,3,1,4,4,4,4,3,1,2,4,1,3,4,2,1,2,1,4,1,1,1,1,1,1,4,3,2,1,2,2,4,4,1,1,2,1,1,2,4,2,4,2,4,4,1,3,4,1,2,4,1,1,2,2,2,3,3,1,3,1,4,4,4,1,3,4,2,4,1,2,3,2,1,4,4,4,4,4,2,2,2,4,3,2,4,4,4,2,3,2,3,4,4,2,2,1,2,3,4,1,4,1,1,4,2,2,4,3,4,3,4,1,1,2,4,4,1,1,1,2,4,2,2,4,
11,141,source_calc_gen_9_ind_141.inp,0.19411109303190152,N/A,0.0,0.0,3,0.0,45,31,67,N/A,2,4,2,3,1,1,1,2,4,2,2,3,3,1,4,2,1,1,4,1,2,1,1,2,4,1,1,4,4,4,4,1,2,2,1,4,2,2,4,1,2,4,1,1,4,4,1,1,1,4,2,1,4,2,3,2,3,4,1,2,1,4,1,4,3,2,4,2,1,4,4,1,4,3,2,2,4,1,4,4,3,2,3,4,2,2,4,4,4,1,4,1,3,3,4,1,3,1,1,2,4,2,1,3,3,1,4,3,1,2,2,4,2,4,4,2,2,3,2,2,4,2,1,2,2,2,4,1,3,1,2,1,4,4,4,1,1,2,2,1,4,4,1,1,4,2,1,2,3,1,
11,142,source_calc_gen_9_ind_142.inp,0.7218980142869128,N/A,0.0,0.0,3,0.0,43,31,0,N/A,1,1,2,4,3,1,3,1,1,2,1,4,3,1,4,2,1,4,2,2,2,2,1,1,4,2,1,4,2,4,4,1,2,1,1,3,1,4,4,1,2,4,1,1,1,4,2,1,4,4,4,3,2,1,3,2,3,2,2,2,2,1,2,4,4,2,2,2,3,1,2,4,4,3,1,4,4,2,2,4,3,3,1,4,1,2,1,4,2,4,3,2,2,2,1,1,3,1,1,4,4,2,1,1,2,2,3,4,4,2,4,1,3,3,3,2,2,4,4,2,2,1,1,1,4,2,4,1,3,1,3,2,2,4,4,2,4,4,1,2,4,4,3,2,4,2,1,4,1,1,
11,143,source_calc_gen_9_ind_143.inp,0.3953102845619909,N/A,0.0,0.0,3,0.0,44,29,0,N/A,1,4,3,2,4,3,1,4,1,2,3,1,4,1,4,4,2,2,2,2,2,2,1,2,2,2,1,2,2,4,4,1,1,1,2,4,2,4,4,4,2,4,2,1,1,1,2,1,4,4,4,1,2,1,4,2,3,4,2,2,1,4,1,1,1,2,2,2,1,3,2,2,4,1,1,4,1,1,2,2,2,3,3,4,4,2,2,4,2,4,3,2,2,2,1,4,3,2,4,1,2,3,1,1,3,1,2,4,4,4,4,1,4,3,4,2,2,4,4,4,1,1,1,1,4,2,4,1,4,4,3,2,2,1,1,2,4,1,1,1,2,4,1,4,3,2,4,3,1,1,
11,144,source_calc_gen_9_ind_144.inp,0.9888517688781406,N/A,0.0,0.0,3,0.0,37,29,0,N/A,1,4,3,2,3,1,4,2,4,1,3,4,2,3,4,2,2,2,2,2,1,2,2,1,2,1,1,2,4,4,4,2,4,2,3,4,1,4,4,4,2,4,2,4,1,1,1,1,2,4,4,1,4,3,4,2,4,2,3,1,1,4,1,2,1,2,4,2,4,4,2,3,4,3,2,2,1,2,2,2,2,3,1,4,4,2,4,4,4,4,3,1,4,4,4,4,1,2,1,1,4,4,1,2,4,1,2,4,4,4,4,1,2,4,4,2,1,3,4,2,1,2,2,1,4,2,4,1,1,4,3,4,4,2,1,2,4,2,1,1,4,4,1,3,3,2,1,2,1,2,
11,145,source_calc_gen_9_ind_145.inp,0.14133618421970162,N/A,0.0,0.0,3,0.0,46,73,31,N/A,4,4,1,3,4,3,1,2,2,4,2,4,2,1,3,2,1,1,1,1,1,1,3,2,4,4,1,4,4,2,4,1,2,1,2,4,1,4,4,2,1,2,3,1,1,4,1,1,3,1,2,1,4,2,3,2,3,2,2,2,1,1,1,1,1,2,4,2,1,4,4,1,4,1,2,4,1,2,2,4,2,3,2,4,2,2,4,4,4,4,4,1,2,2,4,1,3,1,1,3,4,4,1,3,1,1,2,3,3,4,2,4,2,2,4,2,3,4,1,2,4,2,1,4,2,1,4,1,2,1,1,4,4,4,2,2,4,2,1,1,4,2,3,1,4,2,1,2,2,4,
11,146,source_calc_gen_9_ind_146.inp,0.11863824648442098,N/A,0.0,0.0,3,0.0,38,31,0,N/A,1,4,2,2,1,1,1,1,3,2,3,4,3,1,4,4,1,4,2,2,2,4,1,1,4,4,1,2,4,4,1,1,4,2,1,3,1,4,4,4,2,4,2,4,2,1,2,1,4,2,2,3,4,2,4,2,4,2,2,2,2,4,1,4,4,2,4,2,3,4,2,1,4,2,3,2,2,4,4,4,2,1,1,4,2,1,4,4,4,4,3,2,2,4,4,2,3,2,1,4,4,2,1,1,2,1,2,4,1,2,2,4,2,2,4,4,1,4,4,2,1,2,4,4,4,2,4,1,3,1,1,1,2,4,4,4,4,1,1,1,4,4,2,4,1,2,1,2,1,2,
11,147,source_calc_gen_9_ind_147.inp,0.26817070380529306,N/A,0.0,0.0,3,0.0,39,0,29,N/A,2,4,2,2,3,1,3,4,1,1,4,4,4,1,4,4,2,1,2,1,2,1,2,2,2,4,1,1,2,2,1,2,4,1,2,4,2,4,4,3,2,4,2,4,1,4,1,1,4,4,4,3,4,1,2,3,3,1,2,1,2,4,2,1,4,2,4,2,4,4,1,1,4,2,2,4,1,1,2,4,2,3,3,4,1,1,4,2,4,1,2,2,2,2,4,4,3,2,1,2,4,4,1,1,2,2,2,1,1,2,2,4,4,4,3,2,1,3,2,2,1,2,1,2,4,2,4,1,4,4,3,4,2,2,4,2,4,1,1,2,2,2,1,3,3,2,4,2,1,1,
11,148,source_calc_gen_9_ind_148.inp,0.6279308443105525,N/A,0.0,0.0,3,0.0,38,0,29,N/A,2,4,3,3,1,2,2,4,1,4,1,4,3,3,4,2,2,3,1,2,2,2,1,2,2,4,1,2,2,4,4,4,4,1,2,2,1,4,4,4,2,4,1,4,1,1,2,1,1,4,2,1,2,1,4,3,3,2,2,1,1,4,1,1,4,2,4,2,4,4,2,3,4,1,2,4,1,1,1,2,2,3,3,4,1,2,3,2,4,4,2,1,2,4,1,2,3,2,1,4,2,3,1,2,2,4,2,4,1,4,4,4,4,3,4,2,4,3,4,2,4,1,1,2,4,2,3,1,4,4,2,2,2,2,1,2,4,4,1,2,2,1,2,4,1,2,1,3,2,1,
11,149,source_calc_gen_9_ind_149.inp,0.4123507053252524,N/A,0.0,0.0,3,0.0,41,67,31,N/A,1,4,3,3,1,1,2,4,4,2,2,4,3,1,2,2,2,1,1,1,2,1,1,2,2,2,1,4,4,4,4,1,2,2,4,3,2,2,4,1,1,4,2,2,1,4,1,1,1,4,2,1,4,2,3,2,3,4,1,2,1,2,4,4,4,2,4,2,3,4,3,1,4,4,2,2,1,2,4,4,2,3,3,4,2,2,4,4,4,1,2,3,3,2,4,1,3,1,1,1,4,2,1,2,2,1,2,3,1,4,2,2,2,4,4,2,2,3,2,2,4,2,1,2,1,2,4,1,3,1,1,1,4,2,4,2,1,2,1,1,4,4,2,1,2,4,1,2,3,3,
11,150,source_calc_gen_9_ind_150.inp,0.39169526352474304,N/A,0.997004606618596,0.6682283424654134,0,N/A,33,73,67,N/A,4,2,3,3,1,3,2,2,4,1,1,1,4,4,4,2,2,1,4,1,3,1,3,3,2,4,1,4,3,4,4,2,4,2,4,4,2,3,4,2,2,2,2,1,1,4,1,1,3,4,2,1,4,2,3,3,3,4,1,2,2,1,4,4,1,2,4,2,1,2,3,4,4,4,2,4,1,1,4,4,2,3,1,2,3,2,4,4,4,1,2,1,3,3,1,4,3,2,1,1,4,2,1,4,3,3,2,4,3,4,2,4,2,4,4,2,3,3,1,2,2,2,1,3,2,2,3,1,2,4,2,4,4,2,1,2,4,2,1,2,4,3,1,4,4,3,4,1,3,2,
11,151,source_calc_gen_9_ind_151.inp,0.7197288266756492,N/A,0.0,0.0,3,0.0,38,29,31,N/A,1,4,2,3,4,1,2,2,4,2,3,4,4,1,4,2,2,4,4,4,2,1,2,2,4,2,1,4,4,4,4,1,2,2,2,3,1,4,2,2,1,4,4,1,2,4,1,1,2,4,2,3,4,2,3,2,3,2,1,2,4,1,1,1,4,4,4,2,1,4,1,1,4,3,2,2,4,2,2,4,2,3,3,4,2,2,4,4,4,2,4,1,3,2,4,2,3,1,1,1,4,3,1,2,2,1,3,3,1,1,2,4,4,2,4,2,2,3,2,2,4,4,1,2,1,2,4,1,3,1,1,1,4,4,2,2,4,2,1,1,4,4,1,1,3,2,1,2,2,1,
11,152,source_calc_gen_9_ind_152.inp,0.7027813422323284,N/A,0.0,0.0,3,0.0,39,31,67,N/A,1,4,4,3,1,3,2,1,4,2,3,3,3,4,4,2,2,1,1,1,2,4,1,2,2,2,1,4,4,4,4,2,2,2,1,4,2,4,4,2,1,4,2,1,2,4,1,1,1,4,1,3,4,2,3,2,3,4,2,2,1,4,4,4,4,2,4,2,1,4,3,1,2,3,2,2,1,1,2,4,3,3,2,2,2,2,4,4,4,1,4,1,2,2,4,1,3,4,1,1,4,2,3,2,3,3,2,3,1,4,2,3,2,4,4,2,2,4,2,2,4,2,1,3,2,2,4,1,3,1,2,1,4,4,1,2,1,4,1,1,4,4,1,1,4,1,1,2,2,1,
11,153,source_calc_gen_9_ind_153.inp,0.468570171825604,N/A,0.0,0.0,3,0.0,35,29,67,N/A,1,2,3,3,4,3,1,2,4,1,3,1,3,3,4,2,2,4,1,4,3,1,2,4,2,4,1,1,2,4,4,2,4,2,2,4,2,2,3,2,4,4,2,4,1,4,1,1,2,4,2,1,4,2,3,3,3,2,1,2,1,4,1,4,2,2,4,2,1,4,3,1,4,1,2,2,1,1,4,3,2,3,3,2,4,2,4,2,1,1,2,1,3,2,3,4,2,3,4,2,4,2,1,2,4,1,2,1,4,4,2,2,4,4,4,2,2,3,2,2,4,2,1,2,4,3,4,1,3,4,2,1,4,2,1,2,4,2,4,1,4,4,1,1,2,2,1,2,2,1,
11,154,source_calc_gen_9_ind_154.inp,0.4067090767971431,N/A,0.0,0.0,3,1e+17,50,31,73,N/A,1,4,1,3,4,3,1,1,1,1,4,1,4,4,4,2,2,4,4,1,2,4,1,3,1,2,1,1,4,2,4,2,2,2,1,4,1,4,4,1,1,4,1,1,4,4,1,1,1,4,2,1,4,2,2,3,3,2,3,2,4,4,1,1,1,2,4,2,1,1,3,1,4,1,2,2,1,2,1,4,2,3,2,1,2,4,4,4,4,1,4,1,2,2,1,4,1,1,3,4,4,2,1,4,2,1,2,4,3,2,2,4,4,2,4,2,2,4,1,2,2,2,1,3,2,2,4,1,3,4,1,4,1,2,2,2,4,4,1,1,1,4,2,1,4,2,1,2,2,1,
11,155,source_calc_gen_10_ind_155.inp,0.9669412036562394,N/A,0.0,0.0,N/A,N/A,48,31,73,N/A,4,4,1,3,1,1,1,1,2,1,2,4,3,4,4,2,1,4,1,1,1,4,3,2,4,4,1,1,4,1,4,1,2,2,1,3,1,3,1,1,1,4,2,1,1,4,1,3,1,4,2,1,4,1,3,3,3,2,2,2,2,1,1,4,4,1,4,2,3,4,4,1,4,1,2,3,1,2,4,4,2,3,3,1,3,4,4,4,4,1,2,1,2,2,1,4,3,1,1,2,4,1,1,4,2,4,3,4,1,3,2,4,2,2,4,2,3,4,2,2,4,4,4,4,2,2,2,1,2,1,2,1,4,2,4,2,1,4,1,2,4,4,2,1,4,2,1,1,2,4,
11,156,source_calc_gen_10_ind_156.inp,0.3423292346108203,N/A,0.0,0.0,N/A,N/A,39,73,150,N/A,4,2,3,3,1,3,1,3,2,1,1,1,3,4,4,2,2,1,1,1,2,1,3,3,2,4,2,4,3,4,1,3,4,2,4,4,2,3,4,2,2,4,2,1,1,4,1,1,3,4,2,1,4,4,3,3,3,4,1,3,2,4,1,1,1,2,4,2,1,2,3,1,4,4,2,4,1,1,2,4,2,3,1,1,3,2,4,1,4,1,3,1,2,2,3,4,3,2,1,1,3,2,3,4,3,3,2,2,3,4,2,4,4,2,2,2,3,3,1,2,2,2,1,1,2,2,3,1,2,4,2,4,4,2,1,2,4,2,1,2,4,4,1,1,4,3,4,1,2,4,
11,157,source_calc_gen_10_ind_157.inp,0.7587495601925719,N/A,0.0,0.0,N/A,N/A,40,67,31,N/A,1,4,2,3,1,1,1,1,3,2,3,4,3,4,1,2,1,4,3,1,3,1,1,2,2,1,1,4,4,4,4,3,2,2,4,3,4,4,4,2,3,4,2,1,2,4,1,4,1,4,2,3,4,2,3,2,3,4,1,1,4,1,4,4,4,2,4,2,1,4,3,1,4,3,2,1,3,2,4,4,2,3,3,2,4,2,4,4,4,2,2,3,3,2,4,1,3,1,3,2,4,1,1,2,3,1,2,1,1,3,2,4,2,4,4,2,1,3,2,2,4,2,4,3,2,1,3,1,3,4,2,1,4,4,1,2,4,2,1,1,4,1,1,1,3,4,1,2,3,1,
11,158,source_calc_gen_10_ind_158.inp,0.7745421225951945,N/A,0.9517522631417932,0.8930433077508566,N/A,N/A,35,31,29,N/A,1,4,3,3,1,3,2,1,4,3,3,4,2,1,4,2,2,4,4,1,1,4,1,3,1,2,1,4,2,4,4,2,2,2,2,4,1,4,4,1,2,4,2,3,2,4,1,1,2,4,2,3,4,2,3,2,3,2,1,2,4,4,1,4,4,2,4,2,3,4,1,1,4,1,2,2,2,1,4,4,2,3,2,4,2,2,4,4,4,2,4,1,3,2,4,2,1,2,1,1,4,2,1,3,2,1,2,1,1,2,2,4,4,2,4,2,3,3,2,2,4,2,1,2,2,2,4,1,3,1,1,4,4,4,4,2,3,2,1,1,4,4,1,1,4,2,3,2,2,2,
11,159,source_calc_gen_10_ind_159.inp,0.43740899800393196,N/A,0.0,0.0,N/A,N/A,45,73,67,N/A,4,2,1,3,4,3,1,2,2,2,4,4,3,4,4,2,2,1,1,1,1,1,4,2,2,1,1,1,4,4,4,1,4,2,4,4,1,4,4,2,2,1,2,1,3,4,1,1,3,4,3,1,4,3,3,3,3,4,1,2,1,4,1,4,3,2,4,2,1,4,3,1,4,1,2,4,1,4,1,4,1,3,3,1,3,4,4,4,4,1,2,1,3,2,1,1,1,2,3,1,4,2,1,2,3,1,2,1,1,4,3,4,2,2,4,2,2,3,1,2,2,2,1,2,4,2,3,1,2,4,2,4,4,2,1,2,4,2,1,1,4,4,1,1,3,2,4,2,2,4,
11,160,source_calc_gen_10_ind_160.inp,0.21214962321223063,N/A,0.0,0.0,N/A,N/A,42,73,67,N/A,4,4,1,3,1,3,1,2,2,2,1,1,4,4,4,2,2,1,1,1,1,4,1,3,2,4,1,4,4,4,4,2,4,1,4,4,2,3,4,2,2,2,2,1,1,4,1,1,1,4,2,1,4,3,2,2,3,4,1,2,2,1,4,4,1,2,4,2,1,4,4,1,4,1,2,2,1,1,2,4,2,3,3,2,3,4,4,4,4,1,2,1,2,2,4,2,3,1,1,1,4,2,1,2,4,1,2,1,3,4,2,4,4,2,4,2,3,3,2,2,2,2,1,3,4,1,2,1,2,4,2,1,4,2,4,2,4,2,1,2,4,4,1,1,4,4,4,2,3,1,
11,161,source_calc_gen_10_ind_161.inp,0.9978483658676571,N/A,0.0,0.0,N/A,N/A,40,150,73,N/A,4,2,1,3,1,3,2,2,4,1,1,1,4,4,4,2,3,1,4,1,1,3,3,3,2,4,1,1,4,4,4,2,3,1,4,4,1,3,4,2,2,2,2,1,1,4,2,1,3,4,2,1,4,3,3,3,3,2,1,2,2,1,4,4,1,2,4,2,1,2,1,1,4,4,2,4,1,1,4,4,2,3,3,2,3,4,4,4,4,3,2,1,2,3,1,4,2,2,1,1,4,2,1,4,3,4,1,4,3,4,2,4,2,4,4,2,3,3,1,2,2,2,1,3,2,1,2,1,3,4,2,3,1,2,2,2,4,2,1,2,4,4,1,1,4,3,3,1,2,1,
11,162,source_calc_gen_10_ind_162.inp,0.9017748966183758,N/A,0.0,0.0,N/A,N/A,39,29,73,N/A,4,2,1,3,4,3,1,2,4,1,1,1,4,4,4,2,2,1,1,1,1,4,3,2,2,4,1,1,4,4,4,2,4,1,2,4,1,3,4,2,2,2,2,1,1,4,1,1,1,4,2,1,4,3,4,3,3,4,1,2,2,4,1,1,1,2,4,2,1,3,2,1,4,1,2,4,1,1,2,4,2,3,3,1,4,2,4,3,4,1,2,1,2,2,1,4,3,2,1,1,4,4,2,2,3,4,2,4,3,4,2,4,4,2,2,2,3,3,2,2,2,2,3,3,2,1,3,1,4,4,2,4,4,2,2,3,4,2,1,2,4,4,1,3,3,2,4,2,2,1,
11,163,source_calc_gen_10_ind_163.inp,0.8061663789742517,N/A,0.0,0.0,N/A,N/A,45,73,29,N/A,4,4,4,3,4,3,1,1,4,1,3,1,4,4,4,1,2,1,1,1,1,4,2,2,2,4,1,1,2,4,4,2,4,2,1,4,1,3,4,2,2,4,2,1,1,4,1,1,3,4,2,1,3,3,1,3,3,4,1,2,1,4,1,2,2,2,4,2,1,4,1,1,4,1,2,4,1,1,2,4,2,3,1,1,3,2,4,4,4,1,2,1,2,2,4,4,3,2,3,1,1,3,1,2,3,4,2,4,1,4,4,4,4,1,4,2,3,3,1,2,3,2,1,2,4,1,2,1,4,4,3,4,4,2,2,1,4,2,1,2,4,4,1,1,3,2,4,2,2,3,
11,164,source_calc_gen_10_ind_164.inp,0.560395041681746,N/A,0.0,0.0,N/A,N/A,43,29,67,N/A,1,4,3,3,4,3,2,2,4,2,3,4,4,4,4,2,2,1,1,1,1,1,1,2,2,1,1,1,4,4,4,2,4,2,2,4,1,2,4,2,2,4,1,1,1,4,1,1,2,4,2,1,4,3,2,2,3,4,1,2,1,4,4,4,3,2,4,2,1,4,3,1,4,1,2,2,1,1,2,4,2,3,1,2,4,2,4,4,4,1,1,1,3,2,4,1,3,1,1,1,4,2,1,2,3,1,2,1,4,4,2,4,4,4,4,2,2,1,2,2,4,2,1,3,4,2,3,1,4,4,2,4,4,2,4,2,4,1,1,1,4,4,1,3,3,2,4,2,3,1,
11,165,source_calc_gen_10_ind_165.inp,0.9155888131740819,N/A,0.0,0.0,N/A,N/A,37,29,73,N/A,4,4,3,3,4,3,2,2,2,4,1,3,4,3,4,2,2,1,1,1,1,1,3,2,2,4,1,1,4,4,4,2,4,1,2,1,1,2,4,1,2,2,1,1,1,4,1,1,2,4,2,1,4,3,2,3,3,2,1,2,2,4,1,1,3,2,4,2,3,4,1,2,4,4,2,1,1,1,2,4,2,3,3,1,3,4,4,4,4,3,2,1,2,2,4,4,3,2,1,1,4,3,1,2,3,1,2,4,3,4,2,4,4,2,4,2,3,2,2,2,4,2,1,3,4,2,2,1,4,4,1,4,4,2,1,2,4,2,1,2,4,4,1,3,3,2,2,2,2,4,
11,166,source_calc_gen_10_ind_166.inp,0.17973103325778716,N/A,0.0,0.0,N/A,N/A,34,150,67,N/A,1,4,3,3,1,3,2,2,4,2,3,4,3,4,4,2,3,1,4,1,3,2,3,2,2,1,1,4,3,4,4,2,2,2,4,4,2,3,4,2,4,2,2,1,1,3,1,1,3,2,2,1,4,2,3,2,3,4,1,2,1,4,4,4,1,2,4,2,1,2,3,4,4,1,2,2,1,1,4,3,2,2,3,2,3,2,4,4,2,1,2,1,3,2,1,4,4,1,1,1,4,3,1,2,3,1,2,4,3,4,2,4,2,4,4,2,2,4,2,2,4,2,1,3,2,2,3,1,2,4,2,4,4,2,1,2,4,2,1,2,3,1,1,4,1,4,4,1,3,2,
11,167,source_calc_gen_10_ind_167.inp,0.4488442098807661,N/A,0.0,0.0,N/A,N/A,43,67,29,N/A,1,4,3,3,1,3,2,2,4,4,3,1,3,4,4,2,2,1,1,1,3,1,2,2,2,4,1,1,4,4,2,2,4,2,2,4,3,2,4,4,2,4,2,4,1,2,1,4,1,4,2,1,4,3,3,3,3,4,2,2,1,4,1,1,1,2,4,2,3,4,1,2,4,1,2,1,1,1,2,4,2,3,3,2,1,2,4,4,4,1,2,1,2,2,4,1,2,1,1,1,1,3,1,2,3,1,1,1,1,4,2,2,2,4,4,2,3,3,2,2,4,2,4,2,4,2,2,1,3,4,2,1,4,2,1,2,4,2,1,1,4,3,2,1,3,2,1,2,3,1,
11,168,source_calc_gen_10_ind_168.inp,0.10253618474080199,N/A,0.0,0.0,N/A,N/A,41,31,150,N/A,4,2,2,3,1,1,2,1,3,1,1,4,3,1,4,2,1,1,4,1,2,4,3,2,4,4,1,4,4,4,4,1,2,2,4,1,1,3,4,1,1,4,2,1,2,4,1,4,1,4,2,1,4,2,3,2,3,2,2,2,4,1,3,4,1,2,4,2,1,2,3,4,4,3,2,2,1,2,4,4,3,3,1,4,2,2,4,4,4,2,2,1,1,1,3,4,3,2,1,2,4,2,1,3,1,3,2,3,1,3,2,1,2,2,1,2,2,4,2,1,4,2,4,4,2,2,3,1,4,4,1,4,4,4,1,2,1,4,1,1,4,4,2,4,4,2,3,1,3,2,
11,169,source_calc_gen_10_ind_169.inp,0.42065319752495645,N/A,0.0,0.0,N/A,N/A,42,29,67,N/A,1,4,3,3,1,3,2,2,1,2,3,4,3,3,4,2,2,1,1,1,3,1,2,2,2,4,1,4,2,2,4,3,2,1,2,4,1,4,4,2,2,4,2,1,1,4,1,1,1,4,3,1,4,3,3,2,1,4,1,2,1,4,4,1,1,2,4,2,1,4,3,3,4,1,2,4,1,1,2,4,2,3,3,2,3,2,4,4,4,1,2,1,3,2,3,1,3,1,1,1,4,2,1,2,3,1,2,1,1,4,3,4,4,4,4,2,3,3,2,2,4,2,1,2,4,2,4,1,4,4,2,1,4,2,1,2,4,2,1,2,4,4,1,3,4,2,4,2,3,1,
